state,DEMOCRAT,INDEPENDENT,REPUBLICAN,Total,dem_votes_share,rep_votes_share,indep_votes_share,Nike,Costco,Twitter,Facebook,Sears,Wells Fargo,Comcast,Mcdonalds,United Airlines,Target,Bank of America,U.S.A.A,Amazon,Netflix,Microsoft,UPS,Hobby Lobby,Wegmans,Chick fil-A,JP Morgan Chase,Honda,Pepsi,Aldi,American Airlines,Burger king,Capital One,Charter,Dicks sporting goods,Dominos,EA,Fidelety,Ford,Forever 21,General Mills,GoldmanSachs,Hyundai,Kaiser Permentai,Kraft,L.L Bean,MasterCard,Coors,Nintendo,Papa Johns,Paypal,Progressive,Publix,Southwest,Spirit Airlines,Subaru,Toyta,United Healthcare,Volkswagon,Wendys,Starbucks,Delta,Google,Ebay,State Farm,Verizon,AT&T,Fox,Shell,Ikea,T-mobile,Best buy,Lowes,CVS,Disney,Coca Cola,Kroger,J&J,Adidas,Walgreens,Sony,The Home Depot,Samsung,Nestle,Nordstrom,Kohls,Apple,Allstate,Dell,Dish,Fedex,Gamestop,Goya,Hp,Hulu,LG,MLB,NBA,NFL,REI,Clorox,Hershey,State Name,STATE ABV,Unnamed: 0_trends,3M Company_trends,AT&T_trends,Adidas_trends,Amazon_trends,American Express_trends,Apple_trends,BP_trends,Bank of America_trends,Berkshire Hathaway_trends,Best Buy_trends,Burger King_trends,CVS_trends,Chewy_trends,Chick-fil-A_trends,Chipotle_trends,Chrysler_trends,Citigroup_trends,Coca-Cola Company_trends,Comcast_trends,Costco_trends,Delta Air Lines_trends,Disney Company_trends,Dollar General_trends,Dollar Tree_trends,Domino's Pizza_trends,Electronic Arts_trends,ExxonMobil_trends,Facebook_trends,FedEx_trends,Ford Motor Company_trends,Fox_trends,GameStop_trends,General Electric_trends,General Motors_trends,Google_trends,Goya_trends,HP_trends,Hobby Lobby_trends,Home Depot_trends,Honda Motor Company_trends,Huawei Technologies_trends,Hulu_trends,IBM_trends,IKEA_trends,In-n-Out Burger_trends,JCPenney_trends,JPMorgan Chase_trends,Johnson & Johnson_trends,Kaiser Permanente_trends,Kohl's_trends,Kroger Company_trends,Lowe's_trends,Macy's_trends,McDonald's_trends,Microsoft_trends,Moderna_trends,My Pillow_trends,Nestle_trends,Netflix_trends,Nike_trends,Nordstrom_trends,Patagonia_trends,Paypal_trends,PepsiCo_trends,Pfizer_trends,Procter & Gamble_trends,Publix Supermarkets_trends,REI_trends,Reddit_trends,Robinhood_trends,Royal Dutch Shell_trends,Samsung_trends,Sears_trends,Sony_trends,SpaceX_trends,Starbucks_trends,State Farm Insurance_trends,Subaru_trends,T-Mobile_trends,Target_trends,Tesla Motors_trends,TikTok_trends,Toyota Motor_trends,Trump Organization_trends,Twitter_trends,UPS_trends,USAA_trends,Uber_trends,Unilever_trends,United Airlines_trends,Verizon_trends,Walgreens_trends,Walmart_trends,Wayfair_trends,Wegmans_trends,Wells Fargo_trends,Wendy's_trends,Wish_trends,Yum!_trends,eBay_trends
Alabama,124382.2,0,203669.6667,328051.8667,0.3791540687,0.6208459313,0,0.269375,0.0425,0.0778125,0.6153125,0.0403125,0.2253125,0.0453125,0.48375,0.0253125,0.2771875,0.041875,0.03875,0.315625,0.3290625,0.0078125,0.093125,0.1446875,0.0125,0.41125,0.003125,0.0703125,0.151875,0.126875,0.0096875,0.36625,0.120625,0.195,0.0171875,0.27875,0,0,0.154375,0,0.0953125,0,0.0575,0,0.125,0.0146875,0.1890625,0.0584375,0.0128125,0.10125,0.0890625,0.025625,0.3575,0.0396875,0.035625,0.015,0.2675,0.038125,0,0.3034375,0.183125,0.12875,0.8,0.2325,0.225,0.60875,0.3734375,0.2546875,0.4940625,0.01625,0.076875,0.22,0.4646875,0.3671875,0.0209375,0.1428125,0.454375,0.14625,0.1528125,0.3515625,0.49125,0.360625,0.921875,0.20875,0.059375,0.3065625,0.2334375,0.1503125,0.430625,0.1103125,0.14375,0.0715625,0.48125,0,0.14625,0.203125,0.2196875,0.0184375,0.238125,0.0103125,1.7359375,1.5253125,alabama,AL,Alabama,17,77,52,71,44,58,44,16,14,77,100,43,55,60,15,38,13,53,19,15,26,39,85,94,60,32,16,100,66,23,71,82,8,10,74,22,66,87,68,0,0,71,20,24,0,80,12,29,2,28,0,75,20,79,49,8,44,50,63,78,18,37,100,20,14,16,37,7,51,20,45,70,63,54,44,39,83,12,29,42,27,0,74,36,66,84,57,23,10,9,61,50,82,64,1,59,38,48,0,81
Arizona,129335.875,0,126478.5,255814.375,0.5055848601,0.4944151399,0,0.2634022794,0.3355846349,0.06979034754,0.5372168285,0.09047418039,0.2303362882,0.02180948361,0.4746025046,0.05825242718,0.1960039398,0.2345574785,0.1212888701,0.3831433798,0.3178556353,0.0220908963,0.06148867314,0.09947938652,0.002251301534,0.1884057971,0.005346841143,0.1716617419,0.176164345,0,0.130997608,0.3139158576,0.08146897425,0,0.05445335585,0.09891656114,0,0.03419164204,0.1938933446,0.03785000704,0.04375967356,0,0.04066413395,0,0.1039819896,0.001969888842,0.2097931617,0.08864499789,0.02968903898,0.052483467,0.04840298297,0.06120726045,0,0.1561840439,0.01421134093,0.02349795976,0.1874208527,0.1827775433,0.03573941185,0.1709582102,0.2460953989,0.09483607711,0.8100464331,0.2233009709,0.1860137892,0.6711692697,0.1042634023,0.4042493316,0.2187983678,0.089911355,0.2434219783,0.3265794287,0.3391022935,0.2339946532,0.09497678345,0.08554945828,0.2992823976,0.06796116505,0.1225552272,0.5241311383,0.5600112565,0.606585057,0.8811031378,0.3623188406,0.1433797664,0.565076685,0.2861967075,0.08583087097,0.378781483,0.1539327424,0.1208667511,0.02659349937,0.4681300127,0.06134796679,0.1557619249,0.2808498663,0.4544814971,0.0119600394,0.2610102716,0.05304629239,1.642043056,1.491768679,arizona,AZ,Arizona,14,31,55,79,63,65,24,80,13,78,73,37,56,31,59,39,15,0,8,58,17,42,7,74,55,41,9,71,72,14,62,76,9,10,76,31,69,43,88,0,0,91,31,75,75,70,28,19,7,40,5,33,35,73,57,20,31,66,70,70,38,25,86,28,14,16,0,32,66,19,23,77,65,73,44,80,63,26,42,51,57,7,63,41,73,91,57,60,10,27,49,79,55,51,1,90,34,47,0,58
Arkansas,111347,0,190103.75,301450.75,0.3693704527,0.6306295473,0,0.1842987075,0,0.07659167066,0.5466730493,0.002393489708,0.02345619914,0.01244614648,0.6716132121,0.02584968885,0.1292484442,0.2321685017,0.01866921972,0.4174246051,0.2709430349,0,0.1010052657,0.2235519387,0,0.3322163715,0,0.1215892772,0.2307324079,0.07467687889,0.1613212063,0.4059358545,0.08664432743,0,0.01962661561,0.2158927717,0,0,0.2312111058,0.07036859742,0,0,0.08329344184,0,0.1996170416,0,0.2551460029,0.01388224031,0.01675442796,0.1383437051,0.07084729536,0.05361416946,0,0.1053135472,0,0.03398755385,0.2369554811,0.1139301101,0.005744375299,0.3054092867,0.2484442317,0.2082336046,1.021541407,0.2699856391,0.2642412638,0.1488750598,0.6519865965,0.4035423648,0.3178554332,0.02824317855,0.02106270943,0.3963618956,0.614648157,0.1057922451,0.005744375299,0.09382479655,0.4365725227,0.05026328387,0.04356151269,0.4619435136,0.549066539,0.4447103877,0.9976065103,0.557204404,0.08472953566,0.3460986118,0.1766395404,0.2666347535,0.2776448061,0.3556725706,0.2187649593,0.01196744854,1.040210627,0.02776448061,0.1962661561,0.4269985639,0.2015318334,0.07659167066,0.1436093825,0.01962661561,1.949258018,2.231211106,arkansas,AR,Arkansas,18,93,39,67,26,57,28,38,8,73,60,9,53,43,14,36,16,0,11,3,15,45,72,68,68,58,17,94,75,24,53,60,8,10,100,24,71,73,60,0,0,77,31,20,0,90,9,23,1,29,31,59,10,89,51,28,37,99,70,72,11,34,82,41,13,48,0,7,48,20,21,75,75,43,26,36,92,19,13,33,36,0,63,35,55,78,30,18,55,13,44,59,100,47,1,11,45,39,0,73
California,143740.5333,0,106409.8409,250150.3742,0.5746165032,0.4253834968,0,0.2501342883,0.3563831692,0.1104028648,0.5369740376,0.1598925694,0.2348791406,0.124870188,0.4557564906,0.07459265891,0.3761504029,0.3010564011,0.01944494181,0.4266786034,0.3630438675,0.009597135184,0.07674127126,0.04891674127,0.004189794091,0.139301701,0.009632945389,0.2329453894,0.2133213966,0.02417188899,0.07305282005,0.2556848702,0.1086481647,0.05568487019,0.05414503133,0.213393017,0.005228290063,0.03269471799,0.1786213071,0.1048522829,0.06316920322,0.00139659803,0.03738585497,0.1968128917,0.09521933751,0.01160250671,0.1934825425,0.0648522829,0.01976723366,0.07097582811,0.09826320501,0.03147717099,0.004153983885,0.1246553268,0.0127484333,0.02012533572,0.2662130707,0.06012533572,0.02359892569,0.1428469114,0.4129274843,0.1405550582,0.9220053715,0.2685765443,0.1392658908,0.4169382274,0.3560608774,0.2035452104,0.3120859445,0.1156311549,0.2273231871,0.296687556,0.225747538,0.4472694718,0.1852461952,0.1293106535,0.3609668756,0.09278424351,0.2079140555,0.3262309758,0.7160608774,0.4213786929,0.8815398389,0.3129453894,0.333213966,0.338084154,0.3593554163,0.1008057296,0.3644404655,0.1364726947,0.1543419875,0.06750223814,0.8764547896,0.04333034915,0.1734288272,0.2698299015,0.4016472695,0.09547000895,0.2262846911,0.04773500448,1.9912265,1.372282901,california,CA,California,16,61,93,79,71,82,32,86,16,84,50,38,64,14,47,27,20,17,26,76,21,75,5,71,77,100,12,57,79,9,40,72,8,7,89,32,67,23,75,51,100,78,44,100,57,60,14,20,98,33,6,26,74,65,57,32,29,90,66,90,81,34,91,19,16,21,3,42,90,38,22,79,81,100,96,95,51,36,60,64,100,15,60,47,80,91,31,86,18,35,33,37,38,46,1,66,25,41,0,58
Colorado,180541.5714,0,184088.2857,364629.8571,0.4951365553,0.5048634447,0,0.2169209431,0.3087378641,0.08765603329,0.5750346741,0.1373092926,0.2651872399,0.3658807212,0.5753120666,0.1911234397,0.4013869626,0.1012482663,0.08210818308,0.5001386963,0.3517337032,0.008876560333,0.02912621359,0.1692094313,0,0.3747572816,0.03633841886,0.1800277393,0.2699029126,0,0.09126213592,0.3561719834,0.2047156727,0.01248266297,0.1245492372,0.2324549237,0.002773925104,0.1020804438,0.1894590846,0.04299583911,0.04993065187,0.003051317614,0.07766990291,0.1844660194,0.05852981969,0.009708737864,0.2233009709,0.105963939,0.026629681,0.1079056865,0.09486823856,0.05187239945,0,0.2524271845,0.04466019417,0.1123439667,0.2080443828,0.1203883495,0.03633841886,0.3245492372,0.3778085992,0.1669902913,1.094868239,0.2840499307,0.3092926491,0.4460471567,0.2385575589,0.2288488211,0.4294036061,0.09209431345,0.2887656033,0.5669902913,0.3650485437,0.04632454924,0.09708737864,0.1514563107,0.9672676838,0.06740638003,0.07711511789,0.3852981969,0.9977808599,0.5142857143,1.285991678,0.3506241331,0.3270457698,0.5228848821,0.2219140083,0.09153952843,0.3425797503,0.1084604716,0.146185853,0.08072122053,0.4890429958,0.05104022191,0.2970873786,0.212482663,0.372815534,0.01719833564,0.2246879334,0.1128987517,1.670180305,1.733148405,colorado,CO,Colorado,13,37,41,77,47,63,24,19,12,78,59,6,58,35,57,29,14,0,61,40,16,35,4,64,76,42,12,62,78,13,60,60,9,8,83,32,65,52,93,0,0,81,37,87,10,51,17,26,93,40,14,37,32,63,59,16,30,53,68,53,42,69,78,25,14,10,0,83,64,23,37,71,63,74,62,71,63,74,42,48,56,0,55,51,61,91,77,53,14,79,43,61,47,54,1,70,46,38,0,54
Connecticut,183363,4986,111632.4,299981.4,0.6112478974,0.3721310721,0.0166210305,0.1664895501,0.194828197,0.1965993624,0.6124690046,0.1324831739,0.1013106624,0.1756996103,0.4569606801,0.1144172866,0.3223521077,0.2649663479,0.01806588735,0.3722989727,0.4303931987,0.001416932341,0.06872121856,0.0315267446,0,0.1154799858,0.001771165427,0.09174636911,0.186680836,0.1126461211,0.05278072972,0.194828197,0.1406305349,0.09103790294,0.107686858,0.1020191286,0.01346085724,0.06269925611,0.2167906482,0.09741409848,0.04994686504,0,0.1023733617,0,0.06588735388,0.0460503011,0.2525681899,0.05419766206,0.008147360964,0.06765851931,0.05596882749,0.06907545165,0.002125398512,0.1083953241,0.007084661707,0.170031881,0.06801275239,0.1137088204,0.06942968473,0.2454835282,0.1820758059,0.2210414453,0.8721218562,0.3645058448,0.05986539143,0.394261424,0.315267446,0.1491321289,0.3021608218,0.1137088204,0.1126461211,0.3191640099,0.3549415515,0.6337229897,0.03436060928,0.07049238399,0.2635494155,0.03365214311,0.1888062345,0.3620262132,0.7651434644,0.5001771165,0.7240524265,0.2047467233,0.1193765498,0.5823591923,0.3730074389,0.1176053843,0.3460857244,0.08395324123,0.1902231668,0.08076514346,1.005313496,0.00991852639,0.1643641516,0.2851576337,0.4063053489,0.04250797024,0.2993269571,0.05738575983,1.754162239,1.135317039,connecticut,CT,Connecticut,23,43,62,80,68,80,30,88,47,74,49,64,85,11,31,23,41,0,45,26,31,62,7,52,40,42,23,55,73,12,50,71,17,9,98,78,66,10,88,0,0,66,60,82,2,56,23,29,3,57,0,37,63,61,62,36,47,71,68,70,41,49,72,45,100,24,0,17,69,33,38,64,82,66,41,45,36,70,26,45,54,0,44,77,81,88,22,47,65,19,44,41,41,76,5,26,31,38,0,61
Delaware,233554,0,172301,405855,0.5754616797,0.4245383203,0,0.19527897,0.152360515,0.02360515021,0.6566523605,0.1030042918,0.2124463519,0.4699570815,0.678111588,0.02789699571,0.3175965665,0.04291845494,0.1566523605,0.3841201717,0.3111587983,0,0.04506437768,0,0.02789699571,0.4077253219,0,0.1845493562,0.1759656652,0.03004291845,0.0364806867,0.3626609442,0.08798283262,0,0.1223175966,0.2618025751,0,0.01072961373,0.1716738197,0.04291845494,0.08798283262,0,0.08583690987,0,0.1909871245,0,0.1888412017,0.0686695279,0.00643776824,0.08798283262,0.04077253219,0.07510729614,0,0.05150214592,0,0.04077253219,0.05364806867,0.1480686695,0.04291845494,0.3175965665,0.2274678112,0.1587982833,1.036480687,0.2789699571,0.2446351931,1.066523605,0.1373390558,0.09227467811,0.2532188841,0.0643776824,0.1008583691,0.2103004292,0.4549356223,0.1888412017,0.08154506438,0.160944206,0.3111587983,0.2403433476,0.08369098712,0.6158798283,0.7360515021,0.2811158798,1.216738197,0.3905579399,0.0321888412,0.321888412,0.3347639485,0.1330472103,0.4098712446,0.1051502146,0.1502145923,0.03862660944,1.115879828,0.03862660944,0.06223175966,0.4313304721,0.3776824034,0.02145922747,0.1716738197,0,2.229613734,1.877682403,delaware,DE,Delaware,0,36,48,83,46,73,43,37,39,84,54,20,74,37,33,35,53,0,83,16,0,33,23,78,61,46,19,69,52,14,53,68,11,11,76,49,49,8,76,0,0,50,37,46,0,62,100,23,3,52,0,66,58,51,49,30,47,65,59,70,38,27,60,29,16,68,0,18,62,29,27,69,81,60,29,28,81,28,29,40,42,0,31,91,73,78,46,33,21,14,100,78,52,73,31,49,37,36,0,59
Florida,147594.4444,0,182062.6923,329657.1368,0.4477210653,0.5522789347,0,0.2428049068,0.1094597782,0.1187780137,0.5953644728,0.131104034,0.2013446568,0.2275300778,0.5360344421,0.04552960604,0.2539514036,0.3256664308,0.04794762916,0.4138947865,0.3454824251,0.01173625855,0.08964378391,0.04541165369,0.007666902571,0.3038452465,0.004305260675,0.1193677754,0.1850082567,0.1456711489,0.08822835574,0.3293819297,0.1323425336,0.01468506723,0.07519462137,0.1850672328,0.002535975466,0.03267280019,0.1896673744,0.05885822128,0.04022175041,0,0.07619721632,0.0001179523473,0.07342533616,0.003243689549,0.2702878037,0.02842651569,0.03402925218,0.1045647558,0.1242038217,0.1201344657,0.7078320359,0.08757961783,0.02453408823,0.002123142251,0.247287096,0.1058622317,0.03084453881,0.2399150743,0.3569238028,0.2047652748,0.9318235433,0.3228355744,0.1777541873,0.4266926162,0.3307973579,0.2479948101,0.4299363057,0.09052842652,0.2005779665,0.284972871,0.3822835574,0.4587166785,0.05018872376,0.1170087285,0.34170795,0.08527954706,0.1367067705,0.5722458127,0.6551663128,0.5498348667,1.019874971,0.2364354801,0.1850082567,0.3049068176,0.2417433357,0.1303963199,0.3866477943,0.1037390894,0.1549304081,0.07902807266,1.466442557,0.0567940552,0.1266808209,0.3295588582,0.3588110403,0.05750176929,0.2386765747,0.004364236848,1.934241566,1.40150979,florida,FL,Florida,14,57,67,74,78,67,47,98,13,86,88,51,66,45,50,39,27,29,50,22,34,100,25,99,78,44,14,69,78,14,48,75,9,8,74,56,67,31,91,63,42,63,36,81,4,72,20,29,2,28,6,45,56,84,52,54,29,56,57,65,34,13,88,25,17,26,100,7,58,22,32,79,75,72,100,56,54,20,54,48,45,4,61,49,67,91,49,72,14,24,35,73,60,72,2,71,68,45,0,64
Georgia,149843.7,0,174804.6154,324648.3154,0.4615569923,0.5384430077,0,0.2677241048,0.06104301851,0.1136745975,0.5821917808,0.1308579668,0.2182167748,0.1772410478,0.5284787311,0.03376592165,0.2295121365,0.2505407354,0.09552992069,0.3829608267,0.3096611391,0.00853160298,0.0777457342,0.1282143715,0.0003604902668,0.546383081,0.006488824802,0.1709925499,0.174717616,0.09913482336,0.05683729873,0.3949771689,0.1222062004,0.05635664504,0.09360730594,0.1875751021,0,0.0426580149,0.1891372266,0.04818553232,0.04181687094,0,0.03965392934,0.01177601538,0.1359048306,0.01117519827,0.2267483778,0.05094929104,0.02883922134,0.1795241528,0.08675799087,0.1015380918,0.4336697909,0.06224465273,0.03100216294,0.01634222543,0.2507810622,0.1527277097,0.03664984379,0.3196347032,0.3018505167,0.348594088,0.8771929825,0.2283105023,0.2244652728,0.589641913,0.3209565008,0.2742129296,0.3923335737,0.03364575823,0.1538091805,0.2488584475,0.4148041336,0.4105984138,0.03208363374,0.1123527998,0.317591925,0.1216053833,0.1882960827,0.3123047344,0.6372266282,0.4658735881,0.9601057438,0.3985820716,0.0863975006,0.3070175439,0.2877913963,0.1322999279,0.4440038452,0.309060322,0.1565729392,0.04181687094,1.021268926,0.01634222543,0.2411679885,0.3519586638,0.2841864936,0.09468877674,0.2388848834,0.016222062,2.344268205,1.581350637,georgia,GA,Georgia,13,81,71,66,64,63,57,75,17,77,91,47,53,100,32,42,15,100,48,20,100,48,47,100,80,29,11,79,74,19,63,82,8,11,72,33,60,65,84,52,0,63,54,60,2,64,14,32,42,35,53,51,47,85,51,23,31,49,55,79,29,37,94,31,15,29,43,21,54,25,28,68,63,62,33,57,96,19,39,43,40,17,56,28,69,95,71,62,16,14,43,45,69,64,2,70,71,48,0,60
Idaho,104496,0,223772,328268,0.3183252708,0.6816747292,0,0.1560945274,0.3059701493,0.01803482587,0.4707711443,0.2257462687,0.1411691542,0,0.5024875622,0.06405472637,0.1623134328,0.1728855721,0.04788557214,0.3221393035,0.2935323383,0,0.02425373134,0.1075870647,0,0.1305970149,0.03233830846,0.05907960199,0.3843283582,0.0223880597,0.05223880597,0.2257462687,0.1082089552,0,0,0.2195273632,0,0.0460199005,0.3476368159,0.03109452736,0,0,0.03544776119,0,0.008706467662,0,0.1044776119,0.1044776119,0,0.09950248756,0.032960199,0.1417910448,0,0.09141791045,0,0.03109452736,0.1498756219,0.1019900498,0.001243781095,0.2213930348,0.1486318408,0.2997512438,0.9284825871,0.1710199005,0.1940298507,0.6411691542,0.2456467662,0.3550995025,0.394278607,0,0.08457711443,0.1641791045,0.407960199,0.0118159204,0.0223880597,0.0671641791,0.1766169154,0.03233830846,0.282960199,0.4197761194,0.4975124378,0.6896766169,0.9608208955,0.2207711443,0.1069651741,0.5223880597,0.1082089552,0.1449004975,0.2394278607,0.2176616915,0.01492537313,0.06281094527,0.3992537313,0.07960199005,0.2854477612,0.3830845771,0.171641791,0.03544776119,0.1791044776,0.04415422886,1.684701493,1.316542289,idaho,ID,Idaho,29,24,27,93,36,64,23,15,11,66,49,3,69,17,17,25,18,0,3,64,32,44,1,56,72,23,11,75,61,11,62,44,10,7,82,19,100,29,86,0,0,94,22,30,10,47,7,19,5,23,0,42,26,46,61,14,33,54,88,56,17,39,77,100,10,15,0,37,59,23,74,73,57,54,43,34,62,65,36,30,30,32,69,34,48,88,34,19,10,25,60,45,56,50,1,67,30,36,0,71
Illinois,175658.5,0,149839.75,325498.25,0.5396603515,0.4603396485,0,0.2197563997,0.129748142,0.1424442609,0.5376754748,0.1615400495,0.04634599505,0.3328860446,0.6272708505,0.1008464079,0.2899463254,0.1784682081,0.02023121387,0.3881090008,0.3344343518,0.007225433526,0.07741535921,0.08546655656,0.005573905863,0.1598885219,0.01197357556,0.1532824112,0.2699215524,0.323699422,0.09857555739,0.3171965318,0.1245871181,0.05388109001,0.1010528489,0.14440545,0.004128819158,0.03581750619,0.2082989265,0.08154417836,0.05119735756,0.002167630058,0.06688687036,0,0.08247316268,0.01331544178,0.2439099917,0.05191990091,0.03344343518,0.06451279934,0.08876961189,0.03499174236,0.00485136251,0.1356317093,0.03416597853,0.01992155244,0.1575144509,0.08288604459,0.02436003303,0.2384393064,0.2938687036,0.08598265896,0.9155656482,0.294178365,0.3372213047,0.3289636664,0.2950041288,0.1806358382,0.4123658134,0.07576383154,0.2132535095,0.2752890173,0.1647398844,0.2817919075,0.03943022296,0.1246903386,0.3231833196,0.08959537572,0.1906482246,0.6236581338,0.6491535921,0.3344343518,0.8606523534,0.2471098266,0.2203757225,0.5044384806,0.2962427746,0.1354252684,0.4160817506,0.2085053675,0.1309867878,0.07710569777,1.009496284,0.02931461602,0.220478943,0.281895128,0.7626961189,0.05997109827,0.1895127993,0.04933938893,1.852085054,1.575557391,illinois,IL,Illinois,22,63,65,65,48,70,68,43,18,82,76,32,57,19,60,43,22,20,61,28,18,51,23,96,59,38,16,67,77,23,56,79,9,12,81,39,64,49,62,0,32,61,49,71,3,66,34,29,3,61,18,28,54,96,49,23,38,100,55,78,59,33,70,50,26,34,0,20,70,26,46,68,89,70,37,68,85,29,51,61,52,13,36,42,79,92,20,68,31,47,32,100,52,60,1,14,55,42,0,61
Indiana,116989,0,180373.625,297362.625,0.3934220045,0.6065779955,0,0.3113757284,0.1454269065,0.1167975678,0.6531542944,0.1360526983,0.04459082848,0.2584241196,0.6850772739,0.08183430454,0.2933873828,0.1451735495,0.01418799088,0.4783379782,0.3899163922,0.0063339245,0.0443374715,0.1537876869,0.00177349886,0.2285279959,0.03065619458,0.113757284,0.253610337,0.2667848999,0.1056498607,0.3835824677,0.1064099316,0.00456042564,0.1322523436,0.1707626045,0,0.04712439828,0.214593362,0.09576893843,0.09703572333,0,0.01596148974,0,0.07702052192,0.01621484672,0.202432227,0.0304028376,0.01874841652,0.228274639,0.1560678997,0.1162908538,0,0.164935394,0.00101342792,0.02558905498,0.2034456549,0.08538130225,0.008360780339,0.3655941221,0.2422092729,0.1233848493,0.9437547504,0.2926273119,0.3650874082,0.5008867494,0.3242969344,0.214846719,0.3047884469,0.01292120598,0.1373194832,0.2112997213,0.3090955156,0.5069673169,0.02736255384,0.06612617178,0.2860400304,0.08335444641,0.2624778313,0.5115277426,0.6873574867,0.2546237649,0.8763617938,0.3025082341,0.1882442361,0.5758804155,0.2444894857,0.1854573093,0.3777552572,0.1249049911,0.1185710666,0.07119331138,0.6242715987,0.00405371168,0.329364074,0.3275905751,0.5538383582,0.05599189258,0.2467696985,0.02077527236,2.100836078,1.687610844,indiana,IN,Indiana,20,64,55,69,30,61,43,13,22,78,85,53,78,33,32,61,13,34,52,17,19,60,40,87,45,36,11,81,66,29,66,81,10,23,86,32,64,54,43,0,0,76,24,41,5,82,19,25,1,66,48,54,38,97,59,12,39,89,64,67,25,18,80,50,19,25,0,10,60,19,25,68,73,58,37,58,73,28,25,44,40,8,42,46,73,81,17,31,18,17,43,53,62,65,1,14,61,100,0,66
Iowa,168492.25,0,203288.25,371780.5,0.4532035704,0.5467964296,0,0.1011173184,0.0530726257,0.0469273743,0.5519553073,0.01675977654,0.2055865922,0,0.5648044693,0.0905027933,0.3491620112,0.1944134078,0.04022346369,0.2357541899,0.2720670391,0,0.002234636872,0.06815642458,0.009497206704,0.1245810056,0,0.1005586592,0.2815642458,0.1206703911,0.03687150838,0.3402234637,0.1318435754,0,0.01731843575,0.01955307263,0.0005586592179,0.04581005587,0.1988826816,0.01452513966,0.08603351955,0,0.02793296089,0,0.1301675978,0.04357541899,0.3167597765,0.06815642458,0,0.07541899441,0.01284916201,0.1251396648,0,0.01731843575,0.00782122905,0,0.1715083799,0.09944134078,0.005027932961,0.1374301676,0.3776536313,0.08826815642,0.9374301676,0.1715083799,0.2240223464,0.4798882682,0.03854748603,0.1921787709,0.2262569832,0.01955307263,0.01843575419,0.2782122905,0.2201117318,0.1016759777,0.01284916201,0.1536312849,0.1061452514,0.01005586592,0.1553072626,0.3357541899,0.6664804469,0.1195530726,0.6932960894,0.4687150838,0.06145251397,0.3474860335,0.105027933,0.05698324022,0.2245810056,0.3111731844,0.02625698324,0.008379888268,0.2525139665,0.02905027933,0.1877094972,0.3843575419,0.4312849162,0.02681564246,0.2698324022,0.008938547486,1.812290503,1.494413408,iowa,IA,Iowa,29,20,43,75,20,61,44,14,23,74,53,8,66,20,16,42,11,0,3,15,16,45,28,53,47,30,5,77,54,24,52,56,8,9,87,21,67,66,41,0,0,85,31,30,1,73,11,25,2,64,0,35,8,71,52,8,47,75,75,80,17,24,67,48,14,30,0,13,61,12,36,68,64,50,39,39,75,25,11,56,33,16,38,40,80,73,14,20,14,18,47,56,55,48,1,50,31,32,0,68
Kansas,105878.3333,43380,173560,322818.3333,0.3279811659,0.537639849,0.1343789851,0.2349260523,0.1029579067,0.05176336746,0.4055745165,0.1723549488,0.02161547213,0.007963594994,0.5910125142,0.03185437998,0.2901023891,0.1416382253,0.07849829352,0.2241183163,0.2275312856,0,0.0449374289,0.1547212742,0.001137656428,0.3407281001,0,0.162116041,0.2724687144,0.130261661,0.07679180887,0.2480091013,0.07167235495,0,0.0369738339,0.07963594994,0.003412969283,0.003981797497,0.3469852105,0.05460750853,0.05858930603,0,0.03185437998,0,0.05460750853,0,0.2081911263,0.01080773606,0.02218430034,0.09271899886,0.08475540387,0.04266211604,0,0.09670079636,0.01194539249,0.03469852105,0.303185438,0.03185437998,0.02332195677,0.3532423208,0.1399317406,0.1342434585,0.6791808874,0.1023890785,0.2258248009,0.345847554,0.252559727,0.3953356086,0.1183162685,0.03583617747,0.3441410694,0.1018202503,0.4294653015,0.2212741752,0.03242320819,0.08646188851,0.3395904437,0.01990898749,0.1205915813,0.3629124005,0.6740614334,0.358930603,1.465301479,0.3014789534,0.0204778157,0.5989761092,0.2116040956,0.05403868032,0.3640500569,0.3310580205,0.07906712173,0.0204778157,0.4027303754,0.02616609784,0.1001137656,0.3265073948,0.5182025028,0.0369738339,0.1496018203,0.04664391354,1.672923777,2.136518771,kansas,KS,Kansas,10,49,52,64,22,58,38,43,23,68,45,20,58,27,53,35,11,0,4,18,16,61,32,54,41,34,15,69,61,29,57,57,9,14,80,23,94,68,63,0,0,80,30,59,4,81,18,37,3,40,0,40,19,70,56,16,45,54,67,72,24,22,68,31,24,50,0,12,57,23,25,100,65,83,34,44,71,24,36,43,44,0,58,45,68,81,36,24,28,16,36,53,58,42,1,13,38,35,0,58
Kentucky,129226,0,208023.3333,337249.3333,0.3831764431,0.6168235569,0,0.2676848875,0.07422293676,0.1605037513,0.6243301179,0.0691318328,0.02250803859,0.01982851018,0.7138263666,0,0.08896034298,0.01956055734,0,0.2848338692,0.3421757771,0.009646302251,0.009378349411,0.1259378349,0,0.2880493033,0,0.03804930332,0.2650053591,0.09726688103,0.01259378349,0.436227224,0.02947481243,0.02143622722,0.05627009646,0.1513933548,0.005091103966,0.005091103966,0.2859056806,0.03644158628,0.0677920686,0,0.003483386924,0,0.04635584137,0.02116827438,0.09807073955,0.03697749196,0.01902465166,0.1562165059,0.0525187567,0.05680600214,0.00911039657,0.01098606645,0,0.08118971061,0.2031082529,0.0525187567,0.04260450161,0.4713290461,0.184619507,0.05841371919,0.808681672,0.2224008574,0.1387995713,0.3319935691,0.3129689175,0.2749196141,0.4166666667,0.01071811361,0.02411575563,0.2081993569,0.4445337621,0.1264737406,0.01902465166,0.1556806002,0.3234190782,0.139335477,0.147642015,0.3416398714,0.5396570204,0.2124866024,0.8443193998,0.38585209,0.03054662379,0.3357449089,0.1312968917,0.1556806002,0.4289924973,0.1966773848,0.0372454448,0.06028938907,0.6235262594,0.01339764202,0.2175777063,0.345659164,0.2864415863,0.07663451233,0.1554126474,0,1.990085745,2.016345123,kentucky,KY,Kentucky,32,76,47,73,29,59,45,10,11,71,53,23,58,39,21,50,13,0,6,16,22,48,54,67,56,27,7,89,61,52,54,100,17,12,68,29,67,70,53,0,0,86,25,38,2,92,16,27,2,56,100,86,43,96,58,7,40,62,69,64,15,28,84,28,13,58,0,8,56,18,26,69,64,53,29,43,94,20,21,35,31,0,95,46,77,90,32,27,15,10,35,52,72,65,1,7,63,48,0,78
Louisiana,48186.36364,0,65419.05556,113605.4192,0.4241555023,0.5758444977,0,0.2886731392,0.09708737864,0.08058252427,0.5660194175,0.1042071197,0.02297734628,0,0.4715210356,0.06601941748,0.2902912621,0.1242718447,0.0644012945,0.3721682848,0.3171521036,0,0.03851132686,0.1398058252,0.006148867314,0.2938511327,0,0.1870550162,0.09676375405,0.006148867314,0.09449838188,0.4038834951,0.2372168285,0.1042071197,0.06343042071,0.2142394822,0,0.03656957929,0.1763754045,0.0427184466,0.07896440129,0,0.03106796117,0,0.1524271845,0.001941747573,0.2330097087,0.04368932039,0.008737864078,0.1009708738,0.1391585761,0.06634304207,0.006148867314,0.08932038835,0.0213592233,0,0.1190938511,0.09158576052,0.0006472491909,0.2676375405,0.3634304207,0.1265372168,0.7893203883,0.2932038835,0.4194174757,0.2297734628,0.5517799353,0.2006472492,0.5666666667,0.03203883495,0.02103559871,0.2491909385,0.457605178,0.3093851133,0.06731391586,0.171197411,0.4482200647,0.06375404531,0.1161812298,0.5355987055,0.5734627832,0.3915857605,0.9491909385,0.3666666667,0.03462783172,0.155987055,0.183171521,0.1579288026,0.3553398058,0.1359223301,0.1265372168,0.01715210356,0.7815533981,0.03074433657,0.1339805825,0.4640776699,0.2656957929,0.04045307443,0.3799352751,0.02071197411,2.308414239,1.97184466,louisiana,LA,Louisiana,23,100,65,75,44,59,43,16,7,86,91,38,57,35,12,28,7,0,10,14,18,48,61,99,79,33,100,78,75,15,53,89,9,10,69,29,66,76,80,0,0,77,22,23,6,100,29,30,2,19,0,64,33,84,52,11,37,48,65,73,20,19,94,23,12,38,0,5,55,20,100,69,86,58,25,43,100,10,19,41,27,0,70,40,68,87,43,44,9,23,39,83,79,66,0,11,48,47,0,65
Maine,193313.5,0,178723.5,372037,0.5196082648,0.4803917352,0,0.1854368932,0,0.06893203883,0.559223301,0.1233009709,0.02815533981,0.07766990291,0.7339805825,0.08932038835,0.07378640777,0.1834951456,0.0640776699,0.3582524272,0.1854368932,0.02427184466,0.01941747573,0.1825242718,0,0,0,0.2058252427,0.3572815534,0,0.04077669903,0.3446601942,0.0572815534,0,0.05339805825,0.03009708738,0,0.0009708737864,0.1640776699,0,0.05048543689,0,0.04466019417,0,0.06504854369,0.1233009709,0.1873786408,0.0359223301,0,0.003883495146,0.0786407767,0.1126213592,0.09611650485,0.07281553398,0,0.05242718447,0.1524271845,0.08737864078,0.02330097087,0.2427184466,0.05922330097,0.1611650485,1.001941748,0.2689320388,0.01844660194,0.3330097087,0.1621359223,0.09029126214,0.4844660194,0,0,0.1300970874,0.4601941748,0.04368932039,0.006796116505,0,0.1961165049,0.0932038835,0,0.254368932,0.5417475728,0.6621359223,0.5883495146,0.1932038835,0.01844660194,0.2417475728,0.1058252427,0.004854368932,0.2184466019,0.0854368932,0.01650485437,0,0.2747572816,0.02233009709,0.2990291262,0.1184466019,0.367961165,0.01941747573,0.2951456311,0,1.603883495,1.281553398,maine,ME,Maine,0,26,32,91,30,74,24,40,25,64,41,16,100,9,20,24,17,0,10,3,20,45,9,47,41,26,19,81,44,14,55,39,11,8,87,44,66,18,93,0,0,86,24,33,0,55,12,24,2,38,0,57,25,49,43,13,39,73,98,52,14,56,68,17,17,0,0,12,63,34,51,61,76,47,37,21,54,69,18,35,32,0,72,38,64,76,26,20,12,18,42,15,56,81,4,6,29,35,0,75
Maryland,204525,0,120261,324786,0.6297223402,0.3702776598,0,0.2152548588,0.1861019435,0.1668500183,0.5905757242,0.1927026036,0.1101943528,0.3496516318,0.5729739641,0.1081774844,0.2929959663,0.266593326,0.07865786579,0.3914558122,0.3129812981,0.001833516685,0.08122478915,0.02823615695,0.1486982032,0.3722038871,0.003300330033,0.166483315,0.199119912,0.1712504584,0.08305830583,0.3533186652,0.1888522186,0.001650165017,0.07884121746,0.1243124312,0.00128346168,0.0401540154,0.1558489182,0.09625962596,0.07609094243,0,0.09864319765,0.0495049505,0.1070773744,0.0203520352,0.2808947561,0.03850385039,0.02016868354,0.1021268794,0.09149248258,0.05042170884,0.006784011735,0.1861019435,0.007884121746,0.02475247525,0.3001466813,0.1145947928,0.04455445545,0.2229556289,0.2359735974,0.1426475981,0.8848551522,0.3401173451,0.2761276128,0.9028236157,0.2462412908,0.3615694903,0.4169416942,0.06142280895,0.198569857,0.2768610194,0.4033736707,0.5346534653,0.03777044371,0.1215621562,0.2944627796,0.1090942428,0.1908690869,0.2533920059,0.7313898056,0.471213788,0.8481848185,0.3023469014,0.195269527,0.4306930693,0.3546021269,0.1277961129,0.4552621929,0.1538320499,0.1850018335,0.05060506051,1.068023469,0.0401540154,0.1584158416,0.262742941,0.6474147415,0.1508984232,0.3624862486,0.01485148515,2.253575358,1.953612028,maryland,MD,Maryland,21,44,67,80,61,69,40,97,16,79,70,50,78,49,79,30,26,24,64,32,19,45,12,76,57,45,17,63,79,21,49,76,9,9,83,52,67,10,79,0,0,59,49,98,3,69,19,30,81,42,0,42,62,71,68,22,31,70,60,68,71,24,90,25,23,33,0,29,76,31,29,73,83,70,46,50,61,35,36,54,48,28,50,64,87,88,68,66,25,27,97,28,44,80,93,38,29,38,0,56
Massachusetts,260502,41868.5,112780.25,415150.75,0.6274877258,0.2716609569,0.1008513173,0.248153324,0.05530045917,0.1511279697,0.6017169096,0.218207227,0.03673387902,0.4467957676,0.4547813935,0.1269714514,0.3399880216,0.3553603514,0.01257736075,0.476542224,0.3707326812,0.02136154921,0.1096027151,0.005589938111,0.07646236774,0.131163905,0,0.2295867439,0.1265721701,0.01517268916,0.14813336,0.2844879217,0.1573168297,0.08684368137,0.1401477341,0.09443002595,0.003194250349,0.08504691555,0.1467358754,0.07047314833,0.08963865043,0.003593531643,0.07646236774,0.0003992812937,0.1084048712,0.07865841485,0.2745058894,0.03014573767,0.02196047115,0.050309443,0.07446596127,0.01137951687,0.009982032342,0.09742463566,0.03573567578,0.04951088042,0.2729087642,0.09682571372,0.01676981433,0.3234178479,0.2275903374,0.1880614893,0.9452984628,0.2968656418,0.02794969056,0.9423038531,0.1836693951,0.288281094,0.3106408465,0.06727889798,0.09922140148,0.3946895588,0.3573567578,0.7785985227,0.02395687762,0.08025554003,0.2695148732,0.05090836494,0.1884607706,0.3383908964,0.8366939509,0.5380315432,0.9590736674,0.3363944899,0.2094230385,0.4865242563,0.4380115792,0.01816729886,0.4374126572,0.03593531643,0.1696945498,0.06049111599,1.538430825,0.02595328409,0.1317628269,0.2511479337,0.6468356957,0.08804152525,0.5372329806,0.02735076862,1.866839689,1.631663007,massachusetts,MA,Massachusetts,24,36,66,75,66,75,29,100,15,74,62,75,69,9,43,27,28,19,75,15,28,55,4,63,60,56,18,57,67,14,45,64,15,10,86,74,64,8,79,0,55,59,73,85,3,40,18,35,3,42,0,35,63,60,58,100,45,67,62,65,50,58,67,22,49,45,0,29,81,34,35,60,82,73,49,49,19,46,31,50,60,9,40,62,89,86,22,58,28,23,65,35,35,100,43,9,44,38,0,51
Michigan,156712.8571,0,160243,316955.8571,0.4944311759,0.5055688241,0,0.1908251502,0.1664956764,0.113732962,0.5802432947,0.152132493,0.04323611315,0.2431481753,0.662025502,0.04235673457,0.2460794372,0.119742049,0.02960574527,0.3382676242,0.2992818408,0.0128975524,0.06639308222,0.1015682251,0.01055254287,0.07064341199,0.008060970248,0.0894034882,0.2333284479,0.1493477942,0.04558112267,0.4476036934,0.1116810787,0.1065513704,0.09438663345,0.119888612,0.003077825004,0.05393521911,0.3155503444,0.0320973179,0.07372123699,0.01157848454,0.01773413454,0,0.08500659534,0.01700131907,0.2356734574,0.04206360838,0.0159753774,0.04997801554,0.06917778103,0.06243587865,0.006741902389,0.05671991792,0.05364209292,0.02286384288,0.07210904294,0.04968488934,0.0256485417,0.288729298,0.2542869705,0.3935219112,0.9117690166,0.2172065074,0.1600469002,0.5808295471,0.3187747325,0.265718892,0.3549758171,0.08354096439,0.07562655723,0.2835995896,0.3460354683,0.331818848,0.03546826909,0.1497874835,0.3549758171,0.06170306317,0.1727978895,0.3077825004,0.6230397186,0.3771068445,0.8906639308,0.3694855635,0.1263373882,0.6246519126,0.2682104646,0.1418730764,0.342517954,0.1771947824,0.1201817382,0.05408178221,0.5128242708,0.02638135717,0.1317602228,0.3208266159,0.5255752601,0.06653964532,0.2383115931,0.03063168694,1.978748351,1.593873663,michigan,MI,Michigan,18,54,56,70,46,65,56,37,22,86,99,37,58,16,35,100,15,21,52,30,33,43,27,91,52,28,11,74,64,100,68,84,10,100,77,27,66,41,84,0,0,68,34,65,2,89,21,21,2,63,28,43,50,96,49,16,41,62,60,73,39,32,82,27,22,31,0,20,64,23,21,63,90,64,37,44,81,28,26,46,58,4,33,41,77,85,20,37,16,17,43,47,47,66,2,8,73,43,0,64
Minnesota,194999.2,0,166834.875,361834.075,0.5389188401,0.4610811599,0,0.1772405017,0.1247045992,0.1367024177,0.5126340665,0.09089256499,0.402835848,0.255953463,0.4608253045,0.06362479549,0.5255408108,0.07380476277,0.02799491002,0.4177422287,0.4511906926,0,0.02672241411,0.08543901109,0.0009089256499,0.06762406835,0,0.1525177241,0.1357934921,0.2092346846,0.05635339029,0.288129431,0.1177967642,0.1281585166,0.08543901109,0.1323395746,0.009816397019,0.01963279404,0.1906926013,0.01472459553,0.09907289584,0,0.0430830758,0,0.0758043992,0.02744955463,0.2675877113,0.04962734048,0.004181057989,0.04108343937,0.03435738957,0.127249591,0.00018178513,0.06980548991,0.04817305944,0.02345028177,0.1641519724,0.06926013452,0.03726595165,0.2050536266,0.1899654608,0.5869841847,0.864388293,0.2215960734,0.3430285403,0.5324486457,0.2106889656,0.3004908199,0.1447009635,0.04653699327,0.2499545537,0.247591347,0.1107071442,0.2183239411,0.06835120887,0.145428104,0.1892383203,0.07416833303,0.1465188148,0.4348300309,0.7567714961,0.2744955463,0.8702054172,0.2185057262,0.2450463552,0.5533539356,0.2939465552,0.06689692783,0.4131976004,0.3032175968,0.1119796401,0.05180876204,0.5109980004,0.02163243047,0.2624977277,0.2543173968,0.5260861662,0.06635157244,0.3221232503,0.007998545719,1.801127068,1.3288493,minnesota,MN,Minnesota,100,33,43,76,54,100,42,14,14,100,68,21,62,15,73,45,14,0,37,31,56,45,6,62,74,38,11,62,69,16,58,50,9,9,79,26,78,36,68,0,0,79,68,83,4,72,11,41,3,57,0,19,46,74,60,15,100,58,70,63,35,40,67,27,14,19,0,47,72,26,30,69,73,75,46,39,78,37,37,100,50,15,36,41,73,80,18,35,20,18,44,59,44,59,1,90,25,35,0,57
Mississippi,112474,6918,170202.5,289594.5,0.3883844479,0.5877269769,0.02388857523,0.2177285319,0.008310249307,0.1484764543,0.395567867,0.1540166205,0.02770083102,0.09030470914,0.5756232687,0.05152354571,0.183933518,0.05484764543,0.08199445983,0.2232686981,0.2304709141,0,0.08310249307,0.1512465374,0.003324099723,0.2603878116,0.02326869806,0.09806094183,0.1700831025,0.02548476454,0.1412742382,0.2238227147,0.09584487535,0,0.1019390582,0.2980609418,0.003878116343,0.01385041551,0.3013850416,0.02548476454,0.1462603878,0,0.04819944598,0,0.1506925208,0.04487534626,0.09750692521,0.05263157895,0,0.06592797784,0.01495844875,0.09639889197,0.04432132964,0.05817174515,0,0,0.1700831025,0.1534626039,0.08864265928,0.4265927978,0.1556786704,0.128531856,0.6542936288,0.2626038781,0.1878116343,0.09750692521,0.6216066482,0.3994459834,0.5135734072,0.02216066482,0.04986149584,0.163434903,0.3911357341,0.151800554,0.06925207756,0.1922437673,0.3590027701,0.2083102493,0.02825484765,0.3601108033,0.3966759003,0.2343490305,0.5850415512,0.1961218837,0.05096952909,0.1711911357,0.3495844875,0.1789473684,0.2238227147,0.1745152355,0.1390581717,0.05540166205,0.6504155125,0.02659279778,0.1667590028,0.1174515235,0.3290858726,0.2404432133,0.2060941828,0.02548476454,2.525761773,1.695290859,mississippi,MS,Mississippi,3,97,56,71,30,60,52,12,8,71,65,24,53,44,7,30,11,0,35,3,32,57,100,77,86,24,19,99,72,26,52,88,8,10,68,22,66,62,59,0,0,60,20,17,0,98,10,23,1,19,0,68,14,84,47,7,42,45,62,83,12,35,99,18,14,16,0,4,40,25,32,64,61,38,19,29,84,9,15,30,23,0,93,16,63,84,34,16,9,11,26,65,93,54,0,20,61,43,0,72
Missouri,130163.25,0,200065.5,330228.75,0.3941608658,0.6058391342,0,0.184941795,0.1025159594,0.07773188134,0.6126549005,0.186068344,0.0467517837,0.0005632745024,0.5368006008,0.01783702591,0.2245587683,0.1318062336,0.03849042433,0.3449117537,0.2790086369,0,0.04299662035,0.1458880961,0,0.2102891476,0.008261359369,0.1248591814,0.1761171611,0.3567405182,0.04769057454,0.2776943297,0.1028914758,0.2313180623,0.09613218175,0.1755538866,0.001689823507,0.03886594067,0.2606083365,0.05989485543,0.076229816,0.01032669921,0.03849042433,0,0.1207285017,0.01164100638,0.2356365002,0.0542621104,0.005632745024,0.04994367255,0.1015771686,0.05332331956,0.004693954187,0.1391288021,0,0.009763424709,0.2016522719,0.1727375141,0.008449117537,0.1913255727,0.3280135186,0.1124671423,0.9611340593,0.234322193,0.2519714608,0.1729252722,0.5082613594,0.2271873827,0.266804356,0.08655651521,0.1978971085,0.1937664288,0.3850920015,0.1680435599,0.03736387533,0.07378895982,0.2801351859,0.09425460008,0.108711979,0.4906120916,0.7497183627,0.3569282764,1.031918888,0.2910251596,0.1096507698,0.318437852,0.1721742396,0.1353736388,0.5253473526,0.2692452122,0.07003379647,0.04431092753,0.4836650394,0.02835148329,0.1169733383,0.2844536237,0.7307547878,0.01408186256,0.2773188134,0.02722493428,1.769245212,1.454374765,missouri,MO,Missouri,32,70,53,70,33,58,37,53,26,75,66,25,62,32,45,45,21,31,5,18,15,51,45,89,63,30,9,73,69,41,76,71,9,26,87,25,66,70,65,0,0,80,31,73,5,92,17,27,3,50,0,59,39,88,56,11,42,91,65,69,31,23,77,33,31,34,0,13,59,19,37,69,72,61,36,51,79,24,29,49,48,30,44,41,66,89,33,34,72,17,29,80,67,57,1,12,37,43,0,61
Montana,205919,0,285358,491277,0.4191504996,0.5808495004,0,0.09763948498,0.6394849785,0.07403433476,0.6341201717,0,0.1126609442,0,0.5150214592,0.2113733906,0.2918454936,0.05793991416,0.07939914163,0.3487124464,0.6405579399,0,0.07725321888,0.08905579399,0,0.07188841202,0,0.2188841202,0.1909871245,0,0.1083690987,0.2972103004,0.1448497854,0.3572961373,0,0.04613733906,0,0,0.4270386266,0,0.09549356223,0,0,0,0.1663090129,0.05793991416,0.241416309,0.004291845494,0,0.06115879828,0.01072961373,0.2607296137,0,0,0,0.05901287554,0.4055793991,0.04399141631,0,0.25,0.2145922747,0.3830472103,1.127682403,0.4935622318,0.258583691,0.9892703863,0.2660944206,0.1330472103,0.1233905579,0,0,0.2424892704,0.4549356223,0.1319742489,0.1083690987,0.2060085837,0.267167382,0.1373390558,0.03969957082,0.1502145923,0.4946351931,0.4077253219,0.8057939914,0.4635193133,0,0.2188841202,0.3165236052,0.02682403433,0.5160944206,0.3068669528,0.06330472103,0.06974248927,0.04506437768,0.01180257511,0.2457081545,0.4034334764,0.4216738197,0,0.09120171674,0.09763948498,0.9248927039,2.512875536,montana,MT,Montana,0,28,23,91,55,54,25,16,59,42,41,13,61,7,14,25,16,0,3,70,37,0,1,40,61,20,56,84,54,17,70,39,10,9,75,24,58,22,70,0,0,91,18,23,0,42,4,29,3,19,0,41,15,46,43,2,38,43,85,41,16,86,61,26,12,20,0,65,57,19,21,71,45,57,84,29,69,50,8,42,45,0,42,0,44,91,42,18,5,38,68,23,48,53,0,60,31,30,0,73
Nebraska,110534.5,0,185852.3333,296386.8333,0.372939981,0.627060019,0,0.2097744361,0.08195488722,0.1187969925,0.7022556391,0.1744360902,0.1939849624,0,0.6383458647,0.1165413534,0.3571428571,0.1240601504,0.02105263158,0.5541353383,0.4443609023,0,0.06691729323,0.0954887218,0.003759398496,0.1586466165,0,0.1127819549,0.1240601504,0.1466165414,0.03759398496,0.422556391,0.1067669173,0.04285714286,0.01052631579,0.1233082707,0,0.1165413534,0.2496240602,0.04285714286,0.02857142857,0,0.02631578947,0,0.06165413534,0,0.1233082707,0.006766917293,0,0.1398496241,0.1323308271,0.1210526316,0.01203007519,0.1398496241,0,0.002255639098,0.1488721805,0.0977443609,0.004511278195,0.2789473684,0.4684210526,0.1827067669,0.8330827068,0.2879699248,0.2007518797,0.7593984962,0.1240601504,0.4248120301,0.3736842105,0.01804511278,0,0.3135338346,0.3067669173,0.162406015,0.05263157895,0.1165413534,0.1902255639,0.04736842105,0.1398496241,0.4864661654,0.7593984962,0.3631578947,0.7691729323,0.2157894737,0.2406015038,0.5601503759,0.3067669173,0.0962406015,0.3135338346,0.5172932331,0.1022556391,0.09398496241,0.2187969925,0.1142857143,0.1954887218,0.3729323308,0.4909774436,0.1097744361,0.3827067669,0,2.518796992,2.820300752,nebraska,NE,Nebraska,10,16,53,72,25,63,35,10,100,73,74,12,55,22,28,41,12,0,3,21,13,39,19,57,47,20,5,69,59,30,54,53,9,10,76,24,67,93,53,0,0,64,39,25,4,79,11,21,3,52,0,32,9,68,56,8,62,63,68,74,13,23,80,23,14,8,0,9,59,25,32,71,60,48,39,49,78,31,7,59,30,0,29,16,82,83,28,21,8,22,62,74,61,49,1,54,33,30,0,63
Nevada,127028.25,0,124526,251554.25,0.5049735793,0.4950264207,0,0.2095717884,0.3047858942,0.04382871537,0.6408060453,0.1793450882,0.3078085642,0,0.3682619647,0.1304785894,0.3012594458,0.2307304786,0.08060453401,0.4186397985,0.3949622166,0,0.117884131,0.08161209068,0.040302267,0.1370277078,0.06146095718,0.1687657431,0.2458438287,0.040302267,0.09269521411,0.3934508816,0.1279596977,0.2241813602,0.001007556675,0.1763224181,0,0.06146095718,0.2901763224,0.06599496222,0.05188916877,0.02115869018,0.08664987406,0.004534005038,0.2508816121,0,0.1934508816,0.125440806,0.040302267,0.1405541562,0.164231738,0.0443324937,0.040302267,0.2060453401,0.09622166247,0.00201511335,0.2413098237,0.1732997481,0.0685138539,0.2070528967,0.3904282116,0.1531486146,0.8705289673,0.4614609572,0.1853904282,0.4075566751,0.2241813602,0.3576826196,0.3541561713,0.1284634761,0.2740554156,0.2241813602,0.6332493703,0.4025188917,0.0765743073,0.09773299748,0.5123425693,0.09823677582,0.2075566751,0.5586901763,0.8649874055,0.5234256927,1.207052897,0.1591939547,0.06801007557,0.5874055416,0.4428211587,0.09319899244,0.195465995,0.1476070529,0.2473551637,0.09068010076,0.9460957179,0.0005037783375,0.2362720403,0.4478589421,0.5168765743,0.1808564232,0.4392947103,0.07103274559,2.268513854,1.939546599,nevada,NV,Nevada,6,48,72,69,52,68,21,92,16,80,55,39,73,15,33,32,16,0,4,46,31,49,8,53,64,26,9,69,73,12,57,83,9,8,78,29,63,34,69,0,0,77,35,95,100,53,18,17,9,34,0,34,42,71,49,23,33,57,56,73,30,20,90,23,13,17,0,24,70,22,19,82,65,90,40,89,60,36,72,45,78,29,58,33,75,92,40,93,20,37,35,65,55,40,1,97,33,34,0,60
New Hampshire,168225.5,19295,158000.5,345521,0.4868748933,0.4572819018,0.0558432049,0.1232458816,0.02745576571,0.1031116534,0.6857840146,0.2159853569,0.05308114704,0.3953630262,0.5692495424,0.02379499695,0.2385600976,0.2446613789,0.07199511897,0.4801708359,0.355704698,0,0.09762050031,0.08785845027,0,0.06528370958,0,0.1342281879,0.1421598536,0.02440512508,0.06894447834,0.2629652227,0.1989017694,0.01403294692,0.1781574131,0.1226357535,0,0.06894447834,0.1714460037,0.01891397193,0.07626601586,0,0.03111653447,0,0.1482611348,0.02318486882,0.3349603417,0.03294691885,0.004270896888,0.02562538133,0.07748627212,0.06467358145,0.03416717511,0.1421598536,0.04942037828,0.1592434411,0.2647956071,0.1305674192,0.03050640635,0.2056131788,0.2080536913,0.1391092129,0.99023795,0.3410616229,0.07809640024,0.7962172056,0.1787675412,0.1690054912,0.2751677852,0.03538743136,0.006711409396,0.2593044539,0.293471629,0.389261745,0.05857230018,0.05552165955,0.2428309945,0.08968883466,0.1037217816,0.4435631483,0.8200122026,0.629652227,0.841366687,0.3166564979,0.09273947529,0.5149481391,0.2574740696,0.06162294082,0.4368517389,0.1500915192,0.09151921904,0.1037217816,0.951799878,0.05186089079,0.1262965223,0.2086638194,0.6430750458,0.0408785845,0.317266626,0.1067724222,1.663209274,1.33862111,new hampshire,NH,New Hampshire,15,21,35,83,39,78,32,59,25,79,44,36,84,11,25,23,20,0,100,6,16,53,7,51,47,48,29,66,64,21,56,59,11,11,80,56,79,21,100,0,0,61,54,39,0,53,15,33,2,54,0,50,41,42,61,18,76,55,76,54,17,50,77,16,22,20,0,16,72,30,13,70,88,55,55,22,44,78,18,41,56,0,37,70,72,88,31,20,23,17,64,28,51,72,7,6,31,32,0,66
New Jersey,151801.6667,0,128469.25,280270.9167,0.5416247553,0.4583752447,0,0.2194734753,0.2051858711,0.1483000397,0.5348591083,0.1461833576,0.198438947,0.2614102394,0.4194999339,0.2096838206,0.273051991,0.2734488689,0.05080037042,0.4258499802,0.2927635931,0.01256779997,0.0845349914,0.04392115359,0.118401905,0.1832252944,0.01150945892,0.1662918375,0.1737002249,0.1324249239,0.05939939145,0.3312607488,0.09577986506,0.005291705252,0.09181108612,0.1414208229,0.005423997883,0.05847334303,0.1695991533,0.07911099352,0.0976319619,0.01005423998,0.07659743352,0.0001322926313,0.07659743352,0.02024077259,0.2440799047,0.06826299775,0.0194470168,0.0714380209,0.1016007408,0.07315782511,0.01402301892,0.02817833047,0.03915861886,0.04471490938,0.1960576796,0.1162852229,0.02817833047,0.3026855404,0.2610133616,0.1538563302,0.9161264718,0.3081095383,0.0870485514,0.8745865855,0.1997618733,0.2756978436,0.2017462627,0.09829342506,0.207037968,0.2759624289,0.3209419235,0.4869691758,0.05516602725,0.1023944966,0.2936896415,0.09697049874,0.1797856859,0.3632755656,0.6486307713,0.4557481148,0.8132028046,0.2873395952,0.2983198836,0.5032411695,0.3714777087,0.1145654187,0.4705648895,0.02487101468,0.1715835428,0.08599021035,1.935044318,0.02817833047,0.1673501786,0.307844953,0.4400052917,0.03902632623,0.2927635931,0.01468448207,2.012832385,1.701812409,new jersey,NJ,New Jersey,20,41,83,81,90,78,43,81,23,82,62,53,81,18,42,31,52,22,49,33,14,58,8,71,55,42,26,57,76,15,41,75,9,8,95,100,64,19,82,0,42,50,60,85,5,62,35,58,2,53,0,37,98,55,58,32,41,76,60,79,58,26,76,27,51,32,0,15,71,29,32,76,87,80,35,46,38,39,36,47,50,0,41,75,85,100,23,66,57,80,85,44,39,84,59,48,49,41,0,58
New Mexico,145644,0,114374.6667,260018.6667,0.5601290164,0.4398709836,0,0.313547486,0.1857541899,0.0125698324,0.4671787709,0.1417597765,0.2081005587,0.1480446927,0.7283519553,0.04958100559,0.1745810056,0.1480446927,0.01606145251,0.3596368715,0.3505586592,0,0.1229050279,0.2381284916,0.01047486034,0.3652234637,0.004189944134,0.1103351955,0.1305865922,0,0.05027932961,0.5537709497,0.07053072626,0,0.08379888268,0.311452514,0,0.01745810056,0.312150838,0.03212290503,0.05377094972,0,0.006284916201,0,0.08100558659,0,0.1166201117,0.04399441341,0.04748603352,0.06773743017,0.1103351955,0.09706703911,0,0.2311452514,0.003491620112,0.0782122905,0.2360335196,0.1096368715,0.005586592179,0.2695530726,0.4280726257,0.1361731844,0.8512569832,0.2227653631,0.2472067039,0.5914804469,0.1710893855,0.186452514,0.5844972067,0.03701117318,0.05446927374,0.2164804469,0.4525139665,0.07332402235,0.1075418994,0.2122905028,0.4846368715,0.07402234637,0.1522346369,0.532122905,0.4825418994,0.5216480447,0.9636871508,0.3254189944,0.1787709497,0.5642458101,0.1675977654,0.06843575419,0.3030726257,0.2988826816,0.1731843575,0.06494413408,1.045391061,0.03840782123,0.1892458101,0.3170391061,0.405027933,0.05656424581,0.1592178771,0.01396648045,1.959497207,1.520949721,new mexico,NM,New Mexico,12,34,31,75,32,61,28,61,20,68,52,11,53,28,17,29,12,0,43,31,12,28,17,70,80,29,9,95,66,20,47,70,9,7,75,34,74,60,73,0,0,67,19,24,5,59,8,20,4,24,0,52,16,54,50,28,40,47,75,56,13,18,79,21,9,3,0,35,51,13,7,86,73,50,41,59,70,33,93,36,42,0,54,43,52,91,55,23,8,20,57,75,60,42,1,100,38,33,0,73
New York,155637.037,0,93083.34783,248720.3849,0.6257510301,0.3742489699,0,0.2096931503,0.1513241804,0.1414959862,0.5576562383,0.1436716933,0.05641833596,0.006602145697,0.5291469728,0.06129492085,0.2825418261,0.1626528622,0.02183209543,0.4182609348,0.3300322605,0.01553004727,0.07532448046,0.02745892415,0.09295521044,0.07367394403,0.02205716858,0.1282166704,0.2532072924,0.1238652562,0.07082301748,0.3460874784,0.1754820317,0.008327706505,0.09243003976,0.1531997899,0.006377072549,0.03788731338,0.1039087704,0.07614974867,0.06624653012,0.004576487358,0.05469277515,0.006977267612,0.1141871108,0.04036311801,0.2646109986,0.05439267762,0.01950633956,0.0711981394,0.07802535824,0.0452397029,0.006001950634,0.06872233476,0.01417960837,0.0636957011,0.1566509115,0.1216145247,0.01515492535,0.2167454423,0.2814914847,0.2366269037,0.9346537625,0.279390802,0.1093105259,0.824442944,0.1622027159,0.2405281717,0.1293420362,0.1006827219,0.2442043664,0.3652937205,0.2814914847,0.4698026859,0.0456898492,0.1093855503,0.2733888514,0.07149823693,0.208267687,0.2959711906,0.6690674469,0.434166104,0.9007427414,0.2808162653,0.1446470103,0.3613924525,0.3371595769,0.1566509115,0.4016055218,0.0984319904,0.1479480831,0.1003076,1.712281491,0.04959111711,0.1790081777,0.2917698252,0.470027759,0.09993247806,0.2010653462,0.01905619326,2.03218546,1.674619251,new york,NY,New York,20,44,100,79,100,84,43,54,15,78,60,47,87,10,47,34,100,28,10,20,34,55,10,58,47,62,19,57,79,12,39,70,11,11,80,98,64,13,70,39,100,69,100,90,3,64,51,32,4,37,5,33,100,61,60,42,41,84,60,97,46,37,79,39,64,28,8,17,73,33,47,70,72,87,34,51,51,38,51,44,56,20,35,88,91,97,22,66,43,28,61,31,34,76,100,17,42,41,0,57
North Carolina,164820.0769,0,188255.8462,353075.9231,0.4668119975,0.5331880025,0,0.1744448876,0.0771174046,0.122324159,0.5992554182,0.1005185481,0.2754952799,0,0.6346230554,0.0307140008,0.2144661614,0.172317511,0.07352745646,0.3468953597,0.2709746044,0.01116872756,0.06980454727,0.1162079511,0.0002659220848,0.3706953863,0.005983246909,0.1435979258,0.2168594602,0.1454593804,0.1186012498,0.2974338519,0.1293710943,0.06275761202,0.1207286265,0.2155298498,0,0.04148384523,0.1796303683,0.03377210477,0.08216992421,0,0.008642467757,0.00824358463,0.06501794974,0.01675309134,0.2110091743,0.04600452068,0.01741789656,0.1433320037,0.05783805345,0.03124584497,0.07379337854,0.03975535168,0.003058103976,0.003988831272,0.1789655631,0.1037096131,0.03044807871,0.3445020609,0.2391969153,0.1679297966,0.8875149581,0.2461108895,0.1372157958,0.5630900146,0.2181890706,0.2236404733,0.3764127111,0.01449275362,0.1458582635,0.2278952267,0.5559101183,0.3558037495,0.01515755884,0.1260470682,0.3369232815,0.08177104108,0.1521074325,0.4061959846,0.5142933121,0.2187209148,0.793245579,0.1769711475,0.04720117006,0.4149714134,0.2983645792,0.1324291982,0.3177768914,0.1420023933,0.1260470682,0.05783805345,0.5021938572,0.01635420822,0.1501130169,0.4023401143,0.3051455923,0.02792181891,0.1771041085,0.05012631299,1.793910384,1.257545539,north carolina,NC,North Carolina,16,48,59,71,44,63,58,68,17,76,73,44,62,57,32,40,20,37,5,19,19,48,41,93,89,34,15,80,70,21,59,79,9,8,81,34,67,48,51,100,0,81,68,53,3,56,13,36,2,37,0,85,25,82,54,17,30,51,62,67,26,44,82,28,26,29,0,28,55,100,25,69,64,63,33,49,66,31,20,44,44,8,58,45,71,83,68,39,23,16,56,47,66,70,6,70,67,45,0,67
North Dakota,80377,0,233980,314357,0.2556870055,0.7443129945,0,0.1844863732,0,0.1132075472,0.6352201258,0.01886792453,0.2368972746,0,0.320754717,0.2075471698,0.2180293501,0.01467505241,0.2180293501,0.2327044025,0.3312368973,0,0,0.09433962264,0,0,0,0,0.03144654088,0.02935010482,0.09433962264,0,0,0,0.03144654088,0.1132075472,0,0,0.4067085954,0.1132075472,0.1236897275,0,0.3312368973,0,0,0,0.04612159329,0,0,0.1236897275,0,0,0,0,0,0.04402515723,0,0,0,0,0.01467505241,0.1551362683,0.5849056604,0.03354297694,0.05031446541,0.6540880503,0.1446540881,0.2180293501,0.1383647799,0,0.1215932914,0.04612159329,0.3081761006,0,0,0,0.1404612159,0,0.1446540881,0.1006289308,0.714884696,0.1278825996,0.7610062893,0.3501048218,0,0.4486373166,0.6142557652,0,0.04402515723,0.6624737945,0.09853249476,0,0.429769392,0,0,0.3312368973,0.1257861635,0,0.3983228512,0,1.448637317,1.299790356,north dakota,ND,North Dakota,0,32,30,82,29,55,29,9,21,80,60,19,76,2,13,46,11,0,2,14,0,0,3,46,80,12,12,77,51,32,55,40,10,11,73,17,60,51,27,0,0,79,19,27,0,78,7,27,2,33,0,26,22,55,49,9,57,42,74,42,13,32,56,28,10,0,0,9,63,23,0,69,68,52,32,33,74,35,8,54,44,0,49,71,61,87,34,16,11,31,65,9,56,64,0,50,29,34,0,66
Ohio,134657.6875,0,187251.0625,321908.75,0.4183101189,0.5816898811,0,0.230685171,0.07999125779,0.143044476,0.6392743962,0.1157250574,0.02382253306,0.02338542236,0.7132553819,0.05059556333,0.2009616435,0.06349032893,0.01180198885,0.3660802098,0.3137362037,0.01497104142,0.06185116381,0.07223254289,0.003169052563,0.2128729101,0.004371106983,0.1610752923,0.2917713911,0.2305758933,0.08370669872,0.3855316359,0.08490875314,0.02065348049,0.1217353295,0.1621680691,0.00262266419,0.03431318982,0.2832477325,0.04797289914,0.069172768,0.000764943722,0.04316468146,0.0002185553491,0.1532072997,0.009507157688,0.2185553491,0.04677084472,0.01945142607,0.119549776,0.09277674571,0.1049065676,0.01027210141,0.064473828,0.0253524205,0.02546169818,0.1212982188,0.1034859578,0.02207409026,0.5165555677,0.2621571413,0.1816194951,0.8924707682,0.2837941209,0.2331985575,0.6795978582,0.2241285105,0.1905802645,0.318325866,0.03278330237,0.1122281718,0.1786689979,0.3988635122,0.2775652934,0.02972352748,0.1546279095,0.2959239427,0.05660583543,0.1098240629,0.2476232106,0.566167632,0.3374494591,0.7700797727,0.2876188395,0.0704841001,0.5957818818,0.1932029286,0.08261392198,0.3642224893,0.1058900667,0.1157250574,0.07234182057,0.5092339635,0.01606381816,0.1845699924,0.3260845809,0.5332750519,0.1353950388,0.2972352748,0.01278548792,1.797289914,1.765927221,ohio,OH,Ohio,19,50,52,75,39,63,62,13,16,80,93,38,67,30,100,53,16,30,4,21,19,50,37,81,64,34,11,81,71,28,68,90,20,21,80,33,65,42,73,97,0,81,38,57,4,83,32,21,2,71,70,59,47,100,54,10,39,80,65,75,33,24,80,28,17,100,0,15,63,24,31,69,88,62,36,49,63,32,23,48,45,12,41,45,83,85,22,39,19,25,57,45,56,70,2,8,100,44,0,69
Oklahoma,76305.5,16644,156338.4,249287.9,0.3060938778,0.6271399454,0.06676617678,0.151232712,0.0174383644,0.1707757066,0.5556223692,0.1389055923,0,0,0.4134095009,0.04239326518,0.2877330126,0.1617558629,0.0691521347,0.3033674083,0.3274203247,0.006313890559,0.0811785929,0.194828623,0.02405291642,0.3427540589,0.00751653638,0.1368009621,0.2973541792,0.2378232111,0.08809380637,0.2838244137,0.1277811185,0,0.0463018641,0.1524353578,0,0.0315694528,0.2838244137,0.06163559832,0.0724594107,0.006313890559,0.07065544197,0,0.1434155141,0.00751653638,0.1800962117,0.05441972339,0,0.06734816597,0.01172579675,0.06343956705,0,0.05381840048,0,0.01172579675,0.1025255562,0.083884546,0.002705953097,0.08839446783,0.2976548406,0.01683704149,0.9197233915,0.3574864702,0.2300060132,0.3382441371,0.3595911004,0.2597714973,0.2561635598,0.03457606735,0.2026458208,0.2288033674,0.3418520746,0.1494287432,0.07456404089,0.07095610343,0.4007817198,0.07185808779,0.1819001804,0.4552014432,0.3370414913,0.2889356584,1.205652435,0.3226097414,0.208057727,0.2657847264,0.1358989778,0.04960914011,0.3986770896,0.301864101,0.1455201443,0.043595911,0.5622369212,0.01864101022,0.0751653638,0.3529765484,0.2745039086,0.1328923632,0.3153938665,0.02525556224,2.165965123,2.125676488,oklahoma,OK,Oklahoma,11,87,47,73,25,57,33,37,13,80,40,24,58,38,16,37,9,0,2,8,18,38,56,75,55,38,23,82,63,16,58,74,8,11,68,27,70,100,59,0,0,81,21,27,7,68,16,21,2,32,0,70,19,80,53,13,47,57,67,66,15,24,86,26,13,14,0,8,64,20,41,75,66,63,37,48,83,18,31,40,35,0,42,55,63,82,46,28,9,16,26,69,77,44,1,8,25,42,0,63
Oregon,205370.2,78154,182723.5,466247.7,0.4404744517,0.3919022013,0.167623347,0.1334076551,0.3630620587,0.1954663694,0.6562616128,0.2054998142,0.2092159049,0.3199554069,0.5269416574,0.1166852471,0.2749907098,0.1687105165,0.05611296916,0.4756596061,0.4269788183,0.02229654404,0.03010033445,0.02601263471,0,0.04013377926,0,0.1241174285,0.2434039391,0,0.04868078781,0.3612040134,0.1501300632,0.07432181345,0.09736157562,0.1757710888,0.02192493497,0.01783723523,0.2303976217,0.04273504274,0.0226681531,0,0.006688963211,0.05871423263,0.06577480491,0.01151988109,0.2289111854,0.01858045336,0.08472686734,0.05982905983,0.1018208844,0.04719435154,0,0.1029357116,0,0.06688963211,0.2842809365,0.0204384987,0.07357859532,0.1534745448,0.2857673727,0.1980676329,0.9568933482,0.2382014121,0.237458194,0.4760312152,0.2987736901,0.1709401709,0.3816425121,0.0397621702,0.1817168339,0.3128948346,0.2181345225,0.01560758082,0.1538461538,0.09773318469,0.2638424378,0.07840951319,0.1701969528,0.3240431067,0.6373095504,0.5098476403,1.059457451,0.4455592716,0.3344481605,0.2612411743,0.403567447,0.009661835749,0.4017094017,0.237458194,0.07060572278,0.1913786696,0.8528428094,0,0.38647343,0.1560758082,0.3615756224,0.09030100334,0.1891490152,0.1319212189,1.588628763,1.624674842,oregon,OR,Oregon,16,37,68,77,37,65,25,46,20,66,43,3,66,13,27,30,16,0,53,61,18,47,2,70,48,46,11,63,65,14,55,48,100,10,75,28,88,9,76,0,0,97,48,100,14,38,10,20,100,21,0,28,41,52,67,23,24,61,73,100,63,45,82,13,15,11,0,84,86,21,30,75,59,85,58,58,58,70,32,37,61,9,65,45,61,84,32,37,14,29,38,35,32,39,1,42,22,34,0,58
Pennsylvania,164072.3125,0,182151.5294,346223.8419,0.4738908551,0.5261091449,0,0.2468861639,0.08718740948,0.1317949213,0.6190016414,0.126098291,0.1472434103,0.3611084291,0.5857873902,0.05213865019,0.2567345756,0.1078497634,0.03157284928,0.4101573815,0.3220044414,0.006469054746,0.06304914551,0.04760065656,0.1206913199,0.241865405,0.005213865019,0.119146471,0.278072801,0.1767886454,0.08718740948,0.4243506807,0.1189533649,0,0.1177947282,0.1667471275,0.002027614174,0.02819349232,0.2722796176,0.06208361495,0.06266293328,0,0.07415274693,0,0.1308293908,0.01718644395,0.2425412764,0.05860770493,0.01602780728,0.09307714589,0.08940812977,0.04605580767,0.002993144733,0.09587718451,0.01438640533,0.05841459882,0.1282224582,0.0678767983,0.02375205175,0.3334942551,0.2101960027,0.1288983296,0.9091435744,0.3139905378,0.1904991793,0.7939557787,0.2548035145,0.2255479386,0.1339190885,0.05117311963,0.1478227286,0.3092594381,0.4841170223,0.459495993,0.05629043159,0.1759196679,0.3193009559,0.06990441247,0.1656850439,0.1653953848,0.6830163175,0.452544173,0.9628270735,0.3318528531,0.0989668823,0.495703389,0.2470792701,0.1322776866,0.4848894468,0.1716713334,0.08902191754,0.0882494931,0.7674036883,0.03939364681,0.1539055711,0.316018152,0.5222554794,0.05107656657,0.3379356957,0.01332432171,1.941488848,2.334942551,pennsylvania,PA,Pennsylvania,16,46,58,75,45,65,40,30,64,77,73,48,85,27,43,39,22,30,75,16,13,58,28,82,55,42,14,70,68,16,58,88,11,10,76,55,64,16,75,0,0,64,43,71,3,62,16,30,3,54,0,58,56,70,55,18,40,67,62,67,40,26,81,25,35,28,0,17,70,26,45,65,79,64,37,42,55,52,32,50,45,3,38,64,82,92,23,54,22,20,82,25,52,78,86,41,55,42,0,66
Rhode Island,131821,12597.5,70662,215080.5,0.6128914523,0.3285374546,0.05857109315,0.2884864166,0.107373868,0.1668822768,0.4734799483,0.1164294955,0.05174644243,0,0.5278137128,0.1099611902,0.362225097,0.3350582147,0.03104786546,0.4126778784,0.3712807245,0,0.0659767141,0.02199223803,0,0.1578266494,0,0.3130659767,0.1358344114,0.1552393273,0.2199223803,0.3518758085,0.1526520052,0,0.07503234153,0.1642949547,0.01552393273,0.1785252264,0.02846054334,0.05045278137,0.02457956016,0,0.3518758085,0,0.06468305304,0.06338939198,0.1824062096,0.005174644243,0.005174644243,0.1448900388,0.04010349288,0.08150064683,0.05174644243,0.3492884864,0,0.03104786546,0.1086675291,0.1461836999,0.003880983182,0.3091849935,0.191461837,0.5847347995,0.7787839586,0.1203104787,0.1306597671,1.222509702,0.1785252264,0.2600258732,0.2639068564,0.001293661061,0.2445019405,0.107373868,0.3130659767,0.6739974127,0,0.04915912031,0.1371280724,0.003880983182,0.1397153946,0.1642949547,0.3156532988,0.4100905563,0.7412677878,0.1345407503,0.1293661061,0.4877102199,0.25614489,0.03104786546,0.6610608021,0,0.2289780078,0.07761966365,2.583441138,0.02457956016,0.1306597671,0.1216041397,0.4747736093,0.08408796895,0.4644243208,0.04657179819,1.618369987,1.203104787,rhode island,RI,Rhode Island,0,26,50,78,43,73,28,99,18,71,60,100,78,9,30,25,21,0,8,4,0,62,4,74,69,28,24,66,53,11,43,63,18,6,90,74,51,14,80,0,0,60,48,53,0,49,13,100,2,47,0,41,67,44,54,19,55,63,75,63,47,43,60,26,35,33,0,24,78,31,45,60,73,53,40,26,21,37,38,47,43,0,56,82,90,88,33,36,21,17,97,29,45,68,7,7,44,36,0,61
South Carolina,109661,0,168195,277856,0.3946684614,0.6053315386,0,0.2412670219,0.1329188869,0.1817643576,0.5035523979,0.08407341622,0.2285375962,0.04795737123,0.5136175252,0.03167554766,0.2137359384,0.2717584369,0.09917110716,0.4023090586,0.3200118413,0,0.07252812315,0.140615749,0,0.4393132031,0.001184132623,0.1817643576,0.1933096507,0.2211367673,0.08644168147,0.3223801066,0.07785671995,0.1571936057,0.1009473061,0.239490823,0,0.01835405565,0.3395500296,0.0701598579,0.06423919479,0,0.05476613381,0,0.02457075192,0.01746595619,0.248963884,0.04470100651,0.03197158082,0.05180580225,0.049437537,0.02309058615,0.370633511,0.02457075192,0.006808762581,0.02190645352,0.2418590882,0.07608052102,0.01657785672,0.4082297217,0.328892836,0.1936056838,0.9026050918,0.2729425696,0.1879810539,0.7042628774,0.1509769094,0.3013617525,0.4671403197,0.02960331557,0.1343990527,0.2975133215,0.6231497928,0.6796921255,0.05002960332,0.09384251036,0.3241563055,0.04233274127,0.1640023683,0.4236234458,0.657785672,0.3833629366,0.8214920071,0.3294849023,0.04055654233,0.4955595027,0.2741267022,0.1598579041,0.5035523979,0.2131438721,0.112196566,0.1086441681,0.7042628774,0.03937240971,0.2415630551,0.2797513321,0.3602723505,0.06068679692,0.2770870337,0.0005920663114,2.325044405,1.654233274,south carolina,SC,South Carolina,14,56,56,73,45,60,43,75,18,80,78,53,65,73,19,43,14,0,16,19,25,49,54,84,61,23,12,92,69,21,67,88,13,8,88,31,65,52,60,0,0,76,29,41,4,64,13,31,2,35,0,79,20,76,55,11,36,61,66,69,23,43,93,22,15,23,13,13,48,24,47,68,62,51,31,49,86,20,29,40,30,0,59,30,64,89,67,34,12,12,57,46,74,73,2,75,44,45,0,70
South Dakota,132810,0,237163,369973,0.3589721412,0.6410278588,0,0.1491442543,0.05134474328,0.1283618582,0.6002444988,0.03667481663,0.4400977995,0,0.6479217604,0.06968215159,0.2237163814,0.03422982885,0.06356968215,0.4498777506,0.1674816626,0.008557457213,0.02567237164,0.1833740831,0,0.04523227384,0,0.1100244499,0.2298288509,0.1075794621,0.05623471883,0.195599022,0.1295843521,0,0.05501222494,0.03545232274,0.008557457213,0,0.141809291,0.003667481663,0,0,0,0,0.07579462103,0.04278728606,0.1259168704,0.1515892421,0,0.002444987775,0.1515892421,0.05501222494,0,0,0.01222493888,0.0391198044,0.1503667482,0.04156479218,0,0.01833740831,0.0586797066,0.2775061125,0.880195599,0.2114914425,0.511002445,0.9633251834,0.2004889976,0.05745721271,0.1381418093,0,0,0.2530562347,0.1919315403,0.003667481663,0,0.1063569682,0.4095354523,0.05990220049,0.1381418093,0.2273838631,0.5537897311,0.04278728606,0.9205378973,0.3141809291,0,0.2029339853,0.1002444988,0,0.4792176039,0.2371638142,0.04278728606,0.01711491443,0.1711491443,0,0.0880195599,0.2017114914,0.3325183374,0,0.1222493888,0,1.167481663,1.693154034,south dakota,SD,South Dakota,0,34,29,71,22,53,37,8,11,62,70,3,67,11,8,55,43,0,2,16,0,0,16,40,65,59,13,77,47,19,62,41,9,8,86,20,62,54,20,0,0,71,23,22,0,69,11,22,2,33,0,25,16,54,44,12,52,48,70,49,13,32,51,16,19,0,0,10,43,17,0,67,54,48,44,29,81,35,6,46,25,0,0,46,59,64,26,13,12,25,62,30,59,58,0,77,23,34,0,69
Tennessee,90464.55556,6927.833333,165971.1111,263363.5,0.343496937,0.6301978486,0.0263052144,0.2869822485,0.06235776058,0.06622667274,0.6404187528,0.1178880291,0.03117888029,0.1228948566,0.5038689122,0.01957214383,0.2018661812,0.0983158853,0.04255803368,0.3500227583,0.2931269914,0.01479289941,0.06258534365,0.09467455621,0.005461993628,0.3866636322,0,0.1615839782,0.2200728266,0.167728721,0.03846153846,0.2639963587,0.0516613564,0.1142467,0.08670914884,0.2385070551,0,0.02093764224,0.2223486573,0.02207555758,0.07646791079,0,0.01046882112,0,0.1172052799,0.01001365498,0.1101502048,0.02571688666,0,0.08716431497,0.05735093309,0.01479289941,0.1037778789,0.05052344106,0,0.03026854802,0.06850250341,0.1133363678,0.04005461994,0.2528447883,0.2175694128,0.1422394174,0.8329540282,0.3598088302,0.2275830678,0.547109695,0.3017751479,0.1961766045,0.5343650432,0.02321347292,0.07510241238,0.08875739645,0.4688211197,0.1247155212,0.03846153846,0.1340464269,0.3716431497,0.05689576695,0.1451979973,0.4847519345,0.610605371,0.2537551206,0.8702776513,0.3661811561,0.1372325899,0.2883477469,0.2230314065,0.06531634046,0.4021392808,0.2546654529,0.09171597633,0.07487482931,0.5730541648,0.005689576695,0.2521620391,0.3318161129,0.3111060537,0.03277196177,0.1647701411,0.03368229404,1.893491124,1.561675011,tennessee,TN,Tennessee,15,59,47,72,44,61,44,48,13,72,79,31,55,53,22,42,16,35,55,17,21,48,56,91,72,33,12,90,100,23,60,84,8,14,66,23,64,71,66,0,0,73,21,38,2,74,11,48,2,36,41,71,29,83,51,11,37,49,60,74,24,48,88,26,18,20,0,20,52,22,24,67,69,59,26,50,70,27,20,44,31,7,72,45,69,89,45,38,26,15,56,86,71,69,2,19,56,47,0,72
Texas,112876.25,0,143458.9706,256335.2206,0.4403462378,0.5596537622,0,0.2480042835,0.1035338785,0.128796729,0.578076324,0.1540595794,0.1828271028,0.05850856698,0.4327784268,0.06449571651,0.2466900312,0.1847741433,0.06580996885,0.3332846573,0.3439933801,0.01791277259,0.06352219626,0.1375584112,0.008566978193,0.3762655763,0.007252725857,0.1140965732,0.1730919003,0.0785144081,0.1230529595,0.2872371495,0.1265576324,0.0257982866,0.05943341121,0.2274630062,0.005987149533,0.03952492212,0.2373442368,0.0687305296,0.04848130841,0.004575545171,0.05364096573,0.001314252336,0.1319119938,0.01085475078,0.2287772586,0.04916277259,0.02024922118,0.1035338785,0.08060747664,0.06775700935,0.00593847352,0.1252433801,0.02604166667,0.01002725857,0.160144081,0.1305977414,0.02278037383,0.1970891745,0.3567464953,0.0617211838,0.9003602025,0.2709306854,0.1663746106,0.2479069315,0.4210961838,0.2287772586,0.4475272586,0.06313278816,0.2553543614,0.2881619938,0.3678446262,0.3635124611,0.04672897196,0.1477316978,0.3951518692,0.09438278816,0.1730432243,0.4734715732,0.5735007788,0.4535630841,0.9204633956,0.3416569315,0.1425720405,0.3229166667,0.2937110592,0.1675915109,0.3857087227,0.1891063084,0.1244645639,0.08343068536,1.115702882,0.03894080997,0.1939739097,0.3154692368,0.3601538162,0.09253309969,0.3522683022,0.02214758567,2.177180685,1.714320483,texas,TX,Texas,15,85,69,62,47,62,45,61,8,86,62,38,43,59,39,38,19,27,13,22,15,37,32,87,100,48,98,72,71,15,49,84,8,12,74,36,69,80,77,45,94,67,55,57,23,85,25,24,3,31,17,45,43,70,53,36,28,75,55,74,35,21,72,37,12,19,2,19,60,23,61,77,74,71,43,65,80,21,53,46,39,5,57,29,68,83,68,49,15,36,28,61,64,51,1,54,41,43,0,53
Utah,89071.75,0,177658.75,266730.5,0.3339391258,0.6660608742,0,0.28997669,0.3118881119,0.1337995338,0.6578088578,0.0703962704,0.213986014,0.2163170163,0.5188811189,0.0303030303,0.1515151515,0.06946386946,0.02843822844,0.4806526807,0.4839160839,0,0.06386946387,0.1067599068,0,0.2634032634,0,0.2699300699,0.1990675991,0,0.1067599068,0.2125874126,0.05641025641,0,0.08111888112,0.172027972,0.00372960373,0.04568764569,0.2289044289,0.02517482517,0.01958041958,0,0.03869463869,0,0.06107226107,0.001398601399,0.09324009324,0.005594405594,0.007459207459,0.08018648019,0.02517482517,0.08811188811,0,0.09370629371,0,0.0358974359,0.0979020979,0.1048951049,0.0317016317,0.3398601399,0.1417249417,0.4312354312,1.006993007,0.1608391608,0.08951048951,0.275990676,0.3207459207,0.05874125874,0.07552447552,0.07738927739,0.2447552448,0.1766899767,0.2041958042,0.09277389277,0.1575757576,0.08624708625,0.2377622378,0.05687645688,0.1748251748,0.2041958042,0.7291375291,0.4806526807,0.5706293706,0.2088578089,0.2592074592,0.1505827506,0.1496503497,0.07738927739,0.3561771562,0.3230769231,0.1188811189,0.06386946387,0.1613053613,0,0.09184149184,0.2116550117,0.2783216783,0.005594405594,0.1944055944,0.001864801865,1.72960373,1.391142191,utah,UT,Utah,22,33,45,87,74,75,20,10,18,70,45,9,62,38,18,22,15,0,44,70,66,39,2,57,65,89,10,58,76,10,60,56,6,6,80,32,71,56,84,0,0,92,22,94,62,45,13,19,4,34,0,36,21,59,61,14,26,72,78,63,45,32,78,18,8,14,0,49,67,32,19,71,50,77,53,46,71,65,51,43,55,0,53,33,57,92,26,33,11,15,41,40,53,49,1,57,49,35,0,57
Vermont,264414,0,0,264414,1,0,0,0.05548387097,0.2941935484,0.05161290323,0.5832258065,0.08258064516,0,0.4141935484,0.3793548387,0.04129032258,0.2219354839,0.1987096774,0.1522580645,0.375483871,0.3716129032,0,0.07741935484,0,0.009032258065,0.003870967742,0,0.1161290323,0.1174193548,0.07741935484,0.06322580645,0.1509677419,0.02193548387,0,0.06322580645,0.2387096774,0,0.01548387097,0.2051612903,0.009032258065,0.1496774194,0,0.01677419355,0,0,0.2632258065,0.1677419355,0.08258064516,0,0.02967741935,0.104516129,0.05548387097,0,0.08516129032,0,0.1006451613,0.1690322581,0.02451612903,0,0.1419354839,0.07870967742,0.1729032258,0.9651612903,0.3264516129,0,0.8025806452,0.104516129,0.1651612903,0.3961290323,0.02580645161,0.01806451613,0.04,0.3858064516,0.2722580645,0.01935483871,0,0.224516129,0.002580645161,0.1032258065,0.2141935484,0.624516129,0.4580645161,0.6283870968,0.09677419355,0,0.464516129,0.1625806452,0,0.6735483871,0.2516129032,0.09161290323,0.002580645161,0.5264516129,0,0.08,0.2425806452,0.3316129032,0,0.3664516129,0,1.947096774,1.460645161,vermont,VT,Vermont,0,39,36,100,40,70,26,17,8,42,31,16,92,1,17,30,33,0,63,22,0,0,15,27,41,13,24,71,51,21,47,37,12,6,90,42,53,6,72,0,0,88,74,40,0,57,20,25,2,27,0,30,20,42,42,13,43,55,100,36,15,100,67,19,19,17,0,20,77,23,19,41,67,51,60,18,43,100,8,12,63,0,44,38,61,78,26,20,100,28,41,11,36,61,5,6,15,36,0,71
Virginia,169038.7273,12193.33333,184301,365533.0606,0.4624444284,0.5041978958,0.03335767581,0.2210834553,0.2168740849,0.1709370425,0.5854685212,0.1273792094,0.2040629575,0.128477306,0.5296486091,0.08748169839,0.2463396779,0.1810029283,0.1057833089,0.4981698389,0.3303440703,0.01317715959,0.1057833089,0.04191068814,0.133601757,0.4610175695,0.00439238653,0.196193265,0.2311493411,0.1414714495,0.1160322108,0.3294289898,0.1698389458,0.04538799414,0.1277452416,0.2521961933,0.0007320644217,0.04245973646,0.2701317716,0.06716691069,0.1462298682,0,0.03129575403,0.0303806735,0.08949487555,0.01409224012,0.2520131772,0.05856515373,0.01555636896,0.1588579795,0.08290629575,0.03696925329,0.009516837482,0.08949487555,0.02306002928,0.01738653001,0.2510980966,0.08986090776,0.04502196193,0.3828696925,0.2842240117,0.1603221083,0.989568082,0.3261346999,0.180636896,0.8942166911,0.1337847731,0.3157027818,0.3577964861,0.07412152269,0.1586749634,0.2712298682,0.5327598829,0.4707174231,0.03623718887,0.1385431918,0.3122254758,0.04904831625,0.1427525622,0.326317716,0.6160322108,0.3746339678,1.274341142,0.2920937042,0.1317715959,0.2853221083,0.2750732064,0.1107247438,0.4945095168,0.1449487555,0.1956442167,0.07485358712,0.701317716,0.01756954612,0.105966325,0.3290629575,0.3709736457,0.08967789165,0.2981332357,0.03513909224,2.045754026,1.77818448,virginia,VA,Virginia,18,37,60,79,57,72,46,59,16,79,62,42,68,50,59,40,23,23,37,32,26,54,19,81,77,46,20,62,72,18,51,73,9,10,80,43,76,20,62,0,0,69,64,67,3,62,21,31,46,36,24,53,47,72,69,16,33,57,62,68,45,37,78,29,19,28,0,29,75,30,25,75,66,71,50,58,52,38,28,50,48,14,63,70,81,88,100,57,20,31,82,30,52,70,93,55,53,41,0,56
Washington,173614.5,0,140489,314103.5,0.5527302306,0.4472697694,0,0.2090704407,0.4538436796,0.1145062721,0.5741395947,0.1330009649,0.1135413316,0.4536828562,0.4224831135,0.07413959472,0.2941460277,0.2470247668,0.05194596333,0.475233194,0.277259569,0.003055644902,0.06014795754,0.107108395,0,0.05789642972,0.01399163718,0.1994210357,0.1899324542,0.002090704407,0.04663879061,0.2504020585,0.1391122547,0.06063042779,0.1063042779,0.1061434545,0,0.06545513027,0.3185911869,0.03152138951,0.01366999035,0,0.0101318752,0.119491798,0.09327758122,0.04953361209,0.1820521068,0.04679961402,0,0.07044065616,0.06915406883,0.03425538758,0.01077516886,0.07365712448,0.01559987134,0.1466709553,0.228530074,0.08057253136,0.05789642972,0.09568993245,0.4313284014,0.1920231586,0.8803473786,0.3213251849,0.1878417498,0.5205853972,0.2262785462,0.2566741718,0.2926986169,0.1067867482,0.1986169186,0.1992602123,0.320199421,0.07381794789,0.06545513027,0.1593760051,0.250562882,0.04840784818,0.1486008363,0.315535542,0.6868768093,0.5414924413,1.013026697,0.3618526858,0.2891605018,0.2203280798,0.2716307494,0.1122547443,0.4467674493,0.07027983274,0.1321968479,0.109038276,0.4525570923,0.0004824702477,0.1963653908,0.2465422966,0.3541331618,0.03859761981,0.416854294,0.07848182695,1.684142811,1.365712448,washington,WA,Washington,13,45,55,92,43,75,26,74,15,67,52,5,68,12,28,30,13,0,66,88,28,36,1,64,73,46,9,62,69,11,49,60,11,6,71,31,65,28,77,0,0,89,26,98,10,54,12,20,16,20,9,38,52,63,100,15,29,53,66,72,100,47,79,14,12,22,0,99,100,33,24,77,69,80,71,100,52,73,100,43,60,5,58,41,72,92,53,52,13,23,38,38,35,53,1,40,26,36,0,55
West Virginia,74816.33333,0,148339,223155.3333,0.3352657192,0.6647342808,0,0.08896797153,0.03321470937,0.09371293001,0.5088967972,0.2829181495,0.04211150652,0.1465005931,0.6536180308,0.04211150652,0.09371293001,0.02728351127,0,0.2953736655,0.2016607355,0.002965599051,0.04270462633,0.1364175563,0.009489916963,0.3641755635,0,0.09549228944,0.1708185053,0.007710557533,0.04507710558,0.5266903915,0.07829181495,0,0.1138790036,0.1921708185,0,0.004151838671,0.418742586,0.02135231317,0.07888493476,0,0,0,0.1411625148,0.006524317912,0.1352313167,0.0005931198102,0,0.0581257414,0.1239620403,0,0,0.0005931198102,0.002372479241,0.05693950178,0.1512455516,0.0118623962,0,0.4003558719,0.2390272835,0.1506524318,0.7390272835,0.3606168446,0.2360616845,0.3149466192,0.3588374852,0.278173191,0.3558718861,0.01364175563,0.002372479241,0.0699881376,0.5409252669,0.2514827995,0,0.1275207592,0.3018979834,0.07413997628,0.1073546856,0.1399762752,0.3380782918,0.1138790036,0.9395017794,0.2704626335,0.03795966785,0.2556346382,0.1607354686,0.08422301305,0.1583629893,0.1607354686,0.02609727165,0.1132858837,0.4003558719,0.03262158956,0.08422301305,0.5077105575,0.243772242,0.06702253855,0.1293001186,0.01897983393,2.023724792,2.086002372,west virginia,WV,West Virginia,5,76,30,79,23,60,50,11,19,61,62,32,84,36,20,35,11,0,39,5,0,71,50,65,54,33,18,100,48,28,57,96,8,11,58,26,66,27,49,0,0,69,19,25,0,90,13,29,2,54,35,100,33,77,74,3,41,58,68,62,12,20,88,31,12,30,0,9,55,18,9,70,100,42,26,22,93,59,9,33,32,0,91,64,77,82,31,18,6,11,28,15,82,57,5,8,69,42,0,100
Wisconsin,172499.5,26605,211713.1667,410817.6667,0.4198930913,0.5153458185,0.06476109028,0.1076253721,0.09457293336,0.146324708,0.4886649874,0.1792992901,0.1396839936,0,0.59697733,0.09228303183,0.310510648,0.06732310511,0.01602931074,0.3592855507,0.2786810167,0.002289901534,0.02633386764,0.1518204717,0,0.07350583925,0.007098694756,0.06503320357,0.2649416075,0.2583008931,0.03480650332,0.2876116327,0.1875429357,0.1614380582,0.2212044882,0.09640485459,0.007556675063,0.05106480421,0.2198305473,0.02335699565,0.05404167621,0,0.03549347378,0,0.1676207923,0.01877719258,0.2367758186,0.04877490268,0.0231280055,0.07167391802,0.03022670025,0.06136936112,0.0006869704603,0.1458667277,0.001602931074,0.07808564232,0.1183879093,0.2010533547,0.01625830089,0.1460957179,0.3350125945,0.1037325395,0.811999084,0.222349439,0.2221204488,0.2512021983,0.2605907946,0.1474696588,0.3299748111,0.04534005038,0.01694527135,0.2667735287,0.1078543623,0.1243416533,0.03320357225,0.09640485459,0.1763224181,0.05862147928,0.2127318525,0.5607968857,0.4682848638,0.3304327914,0.9361117472,0.3070757957,0.09869475613,0.692466224,0.2562399817,0.111976185,0.2789100069,0.1740325166,0.03091367071,0.02381497596,0.5278223036,0.06274330204,0.1934966796,0.2390657202,0.3276849095,0.06594916419,0.3125715594,0.03457751317,1.667506297,1.628348981,wisconsin,WI,Wisconsin,33,46,50,76,32,64,74,12,12,91,63,14,72,15,23,46,10,0,4,25,20,44,14,76,48,30,12,73,64,19,100,64,10,9,91,34,72,54,61,0,0,83,31,42,4,57,16,34,2,100,0,17,26,85,56,15,50,99,69,68,23,29,72,27,17,44,0,28,66,19,29,68,75,62,41,49,58,40,18,57,59,0,35,52,66,88,14,29,16,24,33,91,52,65,1,26,25,39,0,68
Wyoming,75466,0,156176,231642,0.3257872061,0.6742127939,0,0.1842519685,0,0.1354330709,0.525984252,0.1165354331,0.2818897638,0,0.6677165354,0.1401574803,0.06299212598,0.1417322835,0,0.07559055118,0.5480314961,0,0.05354330709,0.09291338583,0,0.1401574803,0,0,0.3559055118,0,0.1181102362,0.242519685,0.08346456693,0.2141732283,0,0.4173228346,0,0,0.325984252,0.1007874016,0.0188976378,0,0,0,0.06614173228,0,0.2409448819,0.04724409449,0.006299212598,0.07401574803,0,0.08346456693,0,0,0.06614173228,0,0.462992126,0.05354330709,0,0.3338582677,0.4582677165,0.1763779528,0.8692913386,0.2929133858,0.2929133858,0.6204724409,0.1354330709,0.1905511811,0.07716535433,0.02362204724,0.1448818898,0.2094488189,0.2283464567,0.07559055118,0.09606299213,0.1244094488,0.6141732283,0.0188976378,0.3118110236,0.2267716535,0.7732283465,0.3811023622,0.8771653543,0.5496062992,0,0.3039370079,0.5118110236,0.1732283465,0.5732283465,0.8062992126,0,0.0125984252,0,0,0.5543307087,0.7212598425,0.1606299213,0.00157480315,0.1669291339,0.04094488189,1.833070866,2.157480315,wyoming,WY,Wyoming,0,27,27,88,33,48,38,12,20,34,49,3,71,22,14,26,14,0,3,10,0,0,2,41,82,36,38,83,61,17,76,46,7,10,85,17,56,36,71,0,0,100,15,29,0,40,12,31,4,24,0,21,17,55,41,5,45,39,80,40,13,62,70,16,14,0,0,26,34,15,0,56,67,58,34,38,87,50,13,18,38,100,0,0,33,76,49,13,16,48,67,31,56,56,0,62,36,34,0,69