State,Total,Nike,Costco ,Twitter ,Facebook,Sears,Wells Fargo ,Comcast,Mcdonalds ,United Airlines ,Target,Bank of America,Uber,Starbucks,Delta,Google,Ebay,State Farm,Tesla ,Verizon,AT&T,Fox,Shell,Ikea,T-Mobile,Best Buy,U.S.A.A,Lowe's,CVS,Disney,Coca-Cola,Johnson & Johnson,Amazon ,Kroger ,Netflix ,Adidas,Microsoft,Walgreens,Sony,UPS,The Home Depot,Hobby Lobby,Samsung,Nestle,Wegmans ,Chick-Fil-A ,Nordstrom,Kohls,Apple,Jp Morgan Chase,Honda ,Pepsi ,AirBnB,Allstate,Aldi,American Airlines,Burger King,Dell,Capital one,Charter,Dicks sporting goods,Dish,Dominos,EA,Fedex,Fidelty,Ford,Forever 21,Gamestop,General Mills,Goldman Sachs,Goya,HP,Hulu,Hyundia,Kaiser perminta,kraft,L. L. Bean,LG,Mastercard,MLB,Coors,Nintendo,Papas Johns,NBA,NFL,Paypal,Progressive,Publix,Reddit,REI,Southwest Airlines,REI,Southwest Airlines,Subaru,Clorox,Hershey,Toyota,United HealthCare,Volkswagon,Wendys
 ALABAMA (AL),72777,837,195,381,1710,197,295,118,1350,5,515,129,4,661,718,2944,689,892,0,1861,1443,939,1800,4,766,384,86,1606,878,85,1304,223,1096,14,1004,450,123,960,2272,61,1014,460,3296,1108,22,1167,457,982,644,0,554,590,383,324,402,242,1445,987,252,569,277,738,701,0,312,203,658,68,353,221,0,1853,75,818,174,0,771,51,941,352,741,83,373,378,211,437,274,120,1269,112,14,188,14,188,9,7596,6635,678,187,17,790
 ARIZONA (AZ),179163,1483,2191,397,4511,513,2258,71,3690,359,1890,2405,197,2343,639,7380,1855,1783,0,4616,828,1832,2493,801,1518,1681,532,2123,2396,439,2625,504,3756,5,2766,896,394,3845,5650,416,4276,559,7814,2829,5,2187,1060,2431,1495,114,811,1730,925,941,13,1165,2775,2512,1129,64,584,1524,1596,0,923,536,1521,284,517,279,0,3511,247,1319,520,42,799,88,2469,1635,2929,598,744,755,404,1866,759,707,11,436,175,1438,175,1438,95,14963,19518,1252,1496,262,1832
 ARKANSAS (AR),59052,310,59,283,1593,226,168,186,1239,129,365,328,0,403,679,2792,960,781,0,694,1263,848,1159,84,39,856,215,1337,121,146,813,333,1013,0,1074,172,84,862,1382,120,786,474,2109,852,37,806,518,747,656,0,199,486,108,123,277,258,1073,1073,179,0,45,862,653,45,71,77,712,204,294,196,0,2321,79,1008,94,0,310,8,652,291,719,176,339,272,295,742,380,246,0,107,37,17,37,17,0,5767,6617,261,340,101,783
 CALIFORNIA (CA),642682,7368,9531,3839,13953,2804,5576,3013,10913,2094,10130,7903,1818,10977,3768,24931,8243,3436,0,11106,9454,4648,8895,2944,7607,8792,860,6101,11968,5425,9323,2038,11187,76,10601,5769,889,8379,18075,2098,11892,1542,24259,8159,144,4577,9585,8356,10239,185,5711,5542,1999,2239,1223,2059,6093,8938,2885,6990,1673,4183,4273,138,3909,1122,4458,2255,1794,1470,19,21795,977,7492,951,5356,2284,182,6532,5278,13040,1438,3038,1372,2956,6098,2874,743,86,1531,1124,3419,1124,3419,632,59595,51253,7382,1276,875,4117
 COLORADO (CO),136328,1206,1186,1222,3293,378,1341,2217,2479,831,1947,555,116,2021,578,5414,1095,900,0,2623,850,879,2584,623,974,1344,305,1554,569,366,1815,380,2412,3611,2828,826,180,2538,3334,564,2917,857,5069,1558,5,2305,1350,2604,1640,2,904,1299,438,580,0,113,1767,1865,793,75,322,916,1462,33,1118,512,1137,380,590,344,11,3039,196,1320,204,515,395,82,1562,1324,1915,612,904,548,385,2058,548,462,0,244,216,1123,216,1123,578,9911,11785,1458,729,33,1939
 CONNECTICUT (CT),78129,799,490,434,1411,343,430,966,1686,171,1131,922,27,621,558,3081,1225,153,0,1701,759,951,1252,509,482,857,81,759,1738,186,1022,180,1394,23,1351,629,135,1456,1361,340,1843,248,3026,1027,5,425,189,1628,888,1,648,623,255,203,493,296,1126,693,465,133,459,586,343,33,631,211,590,240,220,74,0,5347,78,915,334,0,158,61,1147,867,1770,185,434,97,116,585,311,230,57,45,72,172,72,172,327,6093,7541,403,299,329,696
 DELAWARE (DE),22984,261,39,158,482,69,100,401,578,21,198,79,0,130,109,820,290,302,0,939,117,234,221,29,106,205,58,371,304,17,345,43,424,2,345,115,13,471,517,72,366,10,689,335,37,352,132,352,260,7,110,276,44,59,95,96,340,387,156,0,62,97,239,17,146,42,213,45,166,25,3,1218,11,447,37,0,13,19,116,141,411,27,77,140,129,353,64,99,5,30,18,101,18,101,7,1993,2717,135,62,13,339
 DISTRICT OF COLUMBIA (DC),8159,107,59,54,155,7,28,172,163,49,119,90,47,95,88,372,15,42,0,126,96,67,126,37,23,231,16,44,291,0,60,20,150,2,114,92,13,135,82,18,99,1,408,49,56,145,209,69,78,16,16,51,19,16,37,49,84,136,122,0,54,35,64,0,111,17,34,22,0,5,0,380,1,16,0,3,5,19,74,110,264,0,15,25,48,154,31,16,15,13,15,27,15,27,0,753,586,0,32,0,108
 FLORIDA (FL),441589,3654,1965,2191,10117,1625,3399,3840,9666,892,4703,4221,439,4984,3594,15897,6021,2635,0,6585,4617,3853,8195,1610,4771,4320,901,6981,7865,705,5244,1492,7624,12,6916,2389,491,10661,11016,1770,8830,1479,16165,5145,82,5522,2050,6031,5108,116,2609,3184,1491,2436,2683,1736,5550,6540,2238,4166,1299,1422,3867,94,2667,450,3120,792,1485,945,8,25566,663,2957,1151,5,1087,146,5762,4708,6419,811,1654,2107,1508,4044,1495,2569,12148,732,136,2113,136,2113,212,36096,36664,3499,2305,636,4976
 GEORGIA (GA),250407,2442,691,1218,5407,774,1968,1931,4747,127,1894,1981,423,3208,2982,8843,3280,1564,0,4744,2983,2159,3946,534,1049,2141,434,3293,3666,287,4328,1478,3729,59,3604,1312,341,3021,5965,703,3964,1000,7790,3950,75,5005,1794,3480,3059,91,1498,1919,1061,974,1103,254,3438,3788,1289,505,648,1461,2105,71,1504,316,2381,518,1092,870,54,14187,325,3030,545,378,1970,63,3209,2008,3159,631,1165,1055,1246,2148,1111,1003,3753,371,309,590,309,590,48,25743,25844,1670,809,27,2798
 IDAHO (ID),45539,309,721,131,1198,97,633,66,1158,33,385,275,0,459,472,1832,476,260,0,1510,286,398,890,0,215,397,40,753,18,96,489,6,915,0,877,120,77,663,1117,27,1082,439,1893,588,0,341,103,698,429,10,227,792,14,474,0,44,776,1218,212,122,223,264,358,0,177,118,730,6,207,155,0,871,74,750,257,0,137,49,378,325,762,35,269,205,50,625,196,173,0,214,29,189,29,189,93,3883,5205,465,171,112,705
 ILLINOIS (IL),216808,1987,1455,1417,5394,706,410,3231,4998,1021,2790,1054,605,2270,931,8477,2962,2967,0,3080,2934,1951,4215,512,2029,2317,127,1841,2565,383,2864,834,3452,30,3464,1776,337,5560,5645,511,3574,1233,7963,2527,37,1423,2625,5154,2956,47,635,2262,749,1212,2476,1042,2896,2812,1125,222,1263,942,1439,13,1110,594,1940,452,430,639,2,10520,184,1859,429,34,492,87,2617,2073,5612,511,867,557,793,1985,856,273,119,514,224,1222,224,1222,451,18226,19414,1224,617,178,2528
 INDIANA (IN),132102,1059,572,396,2921,494,251,1392,3515,227,1134,387,51,1729,757,5088,2097,1577,0,3359,1456,1260,1662,363,268,1891,125,2251,2801,224,2085,569,2315,4,1553,798,244,2025,3658,424,1397,634,5427,1688,0,1457,367,3695,1304,4,645,1592,702,396,1268,241,2241,2088,974,246,727,1702,1001,0,610,168,1677,51,397,592,0,3478,64,772,173,0,369,79,1676,1614,2669,426,546,1208,510,1182,559,857,45,227,111,289,111,289,0,12573,13061,396,588,165,1792
 IOWA (IA),46126,471,303,87,1388,100,218,61,1143,97,683,236,0,1116,96,2335,549,466,0,1304,159,335,432,0,22,283,0,609,8,0,695,56,700,0,724,502,40,765,1514,111,469,263,1920,1175,0,720,99,780,378,0,133,1007,249,128,306,92,806,734,170,111,80,648,237,40,206,56,818,78,110,273,0,493,79,825,111,0,347,163,1215,504,960,196,321,240,142,237,93,200,0,61,0,50,0,50,0,4200,5034,105,160,204,442
 KANSAS (KS),36138,273,229,442,1084,156,83,0,708,99,516,343,0,331,223,1571,274,489,0,874,388,438,260,61,116,75,88,437,358,66,303,24,633,0,853,173,25,622,936,26,563,409,1290,577,0,501,201,673,149,45,266,205,309,109,226,102,356,781,297,97,184,49,251,0,249,49,472,66,58,258,0,1332,47,358,45,27,86,42,596,304,931,35,125,290,1,282,275,141,0,37,7,422,7,422,98,3340,3428,334,286,63,408
 KENTUCKY (KY),79697,555,181,677,2126,325,96,24,2358,101,834,79,37,710,710,2911,827,1108,0,1046,1509,500,2187,109,199,689,20,1782,487,159,1305,196,1216,52,1389,547,179,1379,1387,268,1107,449,2639,1921,0,996,348,1515,1221,80,249,761,364,233,468,156,1208,1209,428,1070,618,763,813,0,398,22,633,147,342,297,0,1895,15,1230,93,0,587,9,1045,529,1488,15,503,539,209,211,219,210,0,132,38,58,38,58,244,7826,9507,600,162,103,1415
 LOUISIANA (LA),52143,361,24,289,1086,117,122,92,1279,73,235,157,35,928,475,1819,454,718,0,640,1310,626,1206,15,157,226,347,972,647,146,1167,195,711,0,568,509,277,1026,875,160,795,350,1766,1148,19,492,93,279,395,26,135,350,133,311,17,143,1013,899,523,319,94,959,479,11,443,31,416,24,22,88,0,854,24,417,30,0,487,0,686,673,487,277,90,428,341,635,160,61,0,11,8,110,8,110,0,5875,6779,402,242,8,1123
 MAINE (ME),16145,149,0,69,391,56,5,16,454,5,238,219,0,130,59,796,193,86,0,309,125,98,224,1,8,199,15,480,204,0,193,21,319,0,402,116,30,310,265,52,455,24,422,292,0,14,76,535,103,0,45,155,26,31,0,7,210,242,16,350,93,36,133,50,38,42,172,34,101,20,0,401,55,265,0,0,86,91,232,112,300,16,84,12,72,171,63,155,30,59,5,113,5,113,112,986,2110,79,74,119,266
 MARYLAND (MD),179409,1370,1114,1011,3870,713,1077,2351,3682,261,2281,1480,443,1447,478,6849,1715,1275,0,6798,2020,1882,2699,502,858,2279,585,2718,3210,157,2437,746,3279,33,2273,1091,186,2226,4568,607,3986,263,5962,1786,974,2924,1803,3796,2195,23,1025,1700,852,965,1350,539,2613,3693,1311,19,754,443,1573,15,1116,273,1316,303,338,571,0,5171,318,905,291,303,663,149,2116,1552,3584,591,535,988,612,1491,779,251,11,338,73,1834,73,1834,275,16817,17231,1555,613,19,1385
 MASSACHUSETTS (MA),114750,750,542,583,2822,599,235,2719,2262,290,1503,1552,231,562,1036,4699,1081,52,0,3889,757,1241,1506,416,700,1100,150,1382,4041,148,925,233,2632,0,2279,817,91,1385,3141,454,2491,223,3982,939,324,342,994,2809,1893,5,845,405,748,79,236,457,1578,2445,906,491,648,203,741,0,458,482,749,307,373,190,0,5051,235,1292,551,0,315,379,1752,1407,2703,238,412,57,387,990,590,256,19,151,97,354,97,354,340,10046,8866,1028,297,208,1130
 MICHIGAN (MI),178671,1719,1155,849,4566,496,136,1916,5104,103,1643,1214,34,2158,2591,7959,2260,1602,0,3793,1951,1479,2754,306,851,1780,412,2997,2657,286,2876,597,3082,30,2776,1153,239,2555,4696,500,3758,997,7049,3162,17,878,648,3339,2035,99,286,1874,774,691,1366,266,3359,3533,828,1615,575,1071,1046,0,859,577,2535,316,287,415,0,2169,199,1576,182,11,1048,115,2926,2517,3824,374,1023,500,815,1674,1118,658,69,299,58,514,58,514,59,15051,20310,400,408,110,2562
 MINNESOTA (MN),95939,972,630,636,2119,209,1993,740,2856,230,1748,343,123,1491,2273,3987,1071,1438,0,2689,673,1167,461,150,1178,948,177,495,594,174,1138,278,1730,30,1331,395,179,2000,1936,456,1670,425,3550,1041,52,605,444,1998,1348,19,306,681,642,112,934,359,1541,1603,370,308,407,638,821,0,407,29,1185,135,208,241,48,2052,51,687,147,0,515,14,542,760,3263,300,608,163,302,1406,437,434,39,240,393,257,393,257,333,7697,9720,593,202,122,847
 MISSISSIPPI (MS),45830,497,60,187,808,112,65,272,974,42,224,51,0,238,397,1356,417,259,0,311,974,627,1360,0,139,362,168,839,349,8,927,575,555,0,444,657,169,707,851,199,491,277,1050,926,112,759,299,352,254,8,316,469,93,110,5,197,688,573,240,0,195,478,439,0,150,29,125,0,85,183,0,2486,153,519,49,0,533,4,987,286,885,191,250,44,331,624,290,130,4,56,0,18,0,18,0,5724,6055,335,67,0,708
 MISSOURI (MO),72129,610,190,372,1900,230,184,64,2198,113,800,620,0,345,346,2922,673,610,0,1125,1195,1281,1260,112,74,398,162,1920,385,0,814,104,1356,0,723,501,7,1681,2450,182,1412,459,4090,816,112,558,406,1276,418,0,406,1101,429,0,1076,282,1100,1484,355,1091,177,950,717,0,432,139,649,58,51,93,55,643,169,372,82,0,288,79,902,1207,2001,100,492,281,351,598,188,394,0,113,0,391,0,391,0,6055,6604,530,865,55,879
 MONTANA (MT),22434,137,433,57,663,16,383,0,533,121,244,231,0,332,278,1042,210,111,0,727,204,110,93,0,0,238,286,267,370,6,138,82,572,0,421,91,6,359,1015,81,556,185,873,205,0,23,27,136,246,0,87,252,181,41,0,0,248,694,100,522,79,603,267,0,143,10,257,73,22,6,0,411,6,252,0,0,110,57,273,161,386,167,23,148,61,328,56,38,0,171,44,0,44,0,126,1528,2006,15,23,0,307
 NEBRASKA (NE),13633,93,156,103,474,45,202,0,320,0,169,53,0,124,252,512,219,143,0,599,39,110,206,26,0,124,158,176,89,44,111,76,281,0,224,138,4,193,331,4,199,44,885,292,26,190,17,276,226,0,0,59,11,36,87,22,244,231,109,0,55,187,49,0,92,51,44,26,26,20,0,136,20,30,115,0,69,6,165,216,447,55,47,40,0,0,145,23,0,0,0,44,0,44,0,971,1329,191,118,0,120
 NEVADA (NV),71060,837,841,280,1346,176,929,8,1847,72,558,897,140,1001,220,2538,976,717,0,900,654,260,885,390,964,990,91,1267,1287,533,970,257,1247,0,1286,396,93,1185,1836,108,1635,218,3260,1442,0,304,510,1092,1038,0,459,835,406,236,0,205,1180,937,378,70,269,554,884,0,191,43,337,292,273,65,0,1723,16,759,221,0,128,8,677,826,949,103,297,354,424,732,260,136,0,21,410,606,410,606,102,6220,7356,478,528,0,615
 NEW HAMPSHIRE (NH),35960,184,9,145,790,180,43,646,726,58,333,325,9,174,148,1519,396,274,0,890,325,206,648,69,49,446,78,719,524,64,280,113,728,0,612,82,60,383,1075,63,1064,134,1610,659,7,79,9,678,457,0,238,263,172,455,157,183,416,857,317,55,125,70,234,0,193,194,345,53,157,41,0,1220,15,677,133,0,112,215,441,355,880,76,241,51,78,302,145,68,4,151,143,371,143,371,298,2890,3314,210,46,0,415
 NEW JERSEY (NJ),195757,1830,2020,1366,4021,617,1329,1608,3545,1247,2569,2167,491,1871,757,7087,2139,493,0,6550,1110,1423,1464,754,2115,2295,243,2647,4111,308,2243,746,3347,44,2747,1823,283,2828,4653,762,3703,468,7808,2359,717,1433,2049,3701,2704,164,1402,1825,423,920,1100,543,2609,2872,1180,136,627,527,1592,12,1256,465,844,387,502,709,8,13814,244,1491,541,0,781,129,2085,1911,3466,451,761,483,684,2015,662,600,98,346,58,194,58,194,185,18159,18347,1560,953,576,2213
 NEW MEXICO (NM),45960,360,336,172,1036,139,460,317,1133,133,527,508,32,507,247,1514,327,406,0,844,151,306,622,25,591,474,105,721,166,153,731,272,510,6,523,376,209,1208,1324,86,773,186,1879,785,37,488,77,665,538,0,212,429,176,105,3,154,1003,744,321,10,137,715,553,0,472,119,522,79,46,188,0,965,96,236,194,0,480,28,662,516,683,22,203,113,72,346,103,334,0,61,182,389,182,389,5,4313,5149,151,331,165,617
 NEW YORK (NY),324898,3554,1417,2153,7988,1220,651,46,6480,837,3514,2275,1147,3821,2962,13010,4171,1832,0,9675,2579,2432,1468,869,3498,4351,181,3412,6777,433,3725,1306,5604,1,4744,2773,390,4101,8062,1051,5316,572,11798,4663,1830,1034,2083,5391,5597,175,1932,3390,1161,2075,1918,1112,4139,5237,2210,4662,1514,896,1888,19,1890,594,1454,1161,1339,847,12,21950,406,3527,831,0,1255,363,3331,3638,6223,744,1356,767,1277,2899,1125,701,119,727,316,853,316,853,440,30214,31219,1718,1631,272,3408
 NORTH CAROLINA (NC),222066,2118,683,1205,5548,795,2101,14,4447,600,2106,1571,280,2793,1879,8331,2694,1651,0,5526,1982,1158,3783,408,655,2330,724,4572,3012,372,2724,1200,3832,50,3813,1561,475,3376,4381,444,2667,1024,8616,3646,128,3876,916,2701,2317,0,1937,2549,838,599,1213,1246,2934,2822,755,4175,1218,1147,2223,93,1430,458,2434,306,834,683,0,9610,326,2132,497,0,1233,85,3147,1682,2968,428,1129,1290,1048,1730,592,542,1224,562,379,422,379,422,365,21217,22001,1671,858,293,2855
 NORTH DAKOTA (ND),6488,13,16,44,114,13,11,0,229,0,118,80,0,123,41,399,65,6,0,244,46,259,140,0,0,16,45,59,38,6,0,0,179,0,122,0,0,36,148,0,108,49,278,38,0,82,0,118,74,0,141,0,0,0,18,0,98,177,64,0,0,18,82,0,0,0,26,0,45,11,0,236,0,90,0,0,38,0,48,57,32,0,45,104,0,114,81,42,0,45,0,0,0,0,0,499,788,108,0,0,124
 OHIO (OH),229130,2305,765,1325,5282,588,463,36,6347,494,2294,511,138,2170,1721,9088,2540,2656,0,5830,2208,2551,2360,696,841,2031,344,4008,3333,241,3147,475,3770,65,3536,877,219,2968,5304,579,3109,1052,9844,3746,2,2321,747,6871,1114,123,1436,2808,870,1135,2055,450,3594,3014,800,3671,1457,1850,1304,59,849,453,2503,323,855,986,0,5713,186,1596,296,0,1006,167,3640,2202,5561,373,1279,1312,1304,2102,725,1284,29,227,37,537,37,537,284,22086,26254,816,1183,259,4591
 OKLAHOMA (OK),41242,403,1,310,1280,172,50,0,935,90,384,221,63,379,218,1652,371,258,0,281,741,291,413,114,250,588,30,661,377,62,554,128,630,24,660,357,139,1150,581,147,541,385,1451,209,56,613,603,704,524,0,282,310,230,174,306,93,285,571,242,0,133,399,501,0,298,0,600,112,103,125,0,1324,100,649,42,0,132,23,713,339,600,147,144,173,324,410,128,136,0,136,75,161,75,161,0,4978,4754,150,194,0,359
 OREGON (OR),37017,349,718,332,1010,51,165,171,532,388,445,417,20,425,101,1625,413,339,0,1163,324,383,732,189,261,378,83,878,130,223,508,101,939,0,474,226,0,503,1180,26,997,185,1404,479,0,76,587,423,405,0,340,313,335,125,0,254,455,574,76,153,137,587,204,0,111,130,536,17,123,61,0,590,1,180,41,123,44,43,588,300,875,84,309,59,13,216,183,53,0,204,233,209,233,209,150,2878,3061,419,91,220,119
 PENNSYLVANIA (PA),235277,2225,926,1191,5093,920,1590,3629,5694,480,2712,1320,243,2178,1034,8879,2772,1784,0,7388,2407,1985,1269,609,742,2207,248,4964,3724,285,3283,305,4076,0,3412,1447,309,1833,5475,684,4198,810,9103,3243,1182,2596,942,5201,1780,46,1125,2539,1137,1128,2353,722,4116,3627,1262,197,1527,1002,1680,52,887,419,2075,323,718,696,13,8093,257,1643,413,0,1019,256,2738,2241,4653,582,1106,768,670,4259,976,629,15,391,106,772,106,772,722,20612,29683,1384,739,479,3172
 RHODE ISLAND (RI),29550,389,14,112,660,80,115,4,388,159,252,471,132,247,336,1202,201,4,0,955,213,177,598,141,229,130,112,385,619,32,301,7,581,0,604,227,34,302,664,117,585,9,1097,347,84,243,488,753,421,4,204,181,279,113,240,194,380,466,145,0,16,38,225,0,135,38,165,40,14,74,0,1667,9,753,68,0,109,79,144,260,249,91,113,75,128,222,54,70,0,119,66,316,66,316,43,2112,3302,425,174,0,348
 SOUTH CAROLINA (SC),64432,558,174,315,1349,215,306,143,1286,105,449,729,41,632,566,2117,581,580,0,1469,692,705,1090,60,598,594,65,1432,1011,176,643,378,1046,0,793,491,145,1035,1832,229,978,237,2490,562,0,1002,85,777,813,0,740,775,374,433,496,278,823,916,268,638,322,365,712,0,524,131,517,164,112,147,0,2993,111,533,38,0,276,96,859,739,626,122,111,205,355,535,196,140,513,44,31,74,31,74,73,7214,6362,729,334,46,663
 SOUTH DAKOTA (SD),10317,31,11,0,300,51,238,0,447,64,31,37,0,11,139,695,31,163,0,393,81,61,14,0,0,106,0,168,5,0,26,0,170,0,85,20,0,112,183,118,5,6,400,90,0,16,0,134,68,0,113,13,6,59,109,0,142,435,72,0,6,275,5,0,204,8,342,6,58,0,0,321,12,100,0,0,14,0,253,71,255,5,101,37,59,11,5,86,0,0,0,0,0,0,101,760,1594,10,103,0,56
 TENNESSEE (TN),77871,725,445,337,1787,164,155,468,2024,53,675,465,105,1262,494,2921,1094,568,0,1881,719,877,2314,17,13,675,325,1658,721,177,1380,203,1230,0,1066,381,31,1537,2037,246,912,656,2919,1045,0,1278,300,1003,420,8,485,755,451,454,602,80,1063,1326,587,455,470,842,775,0,392,54,686,83,244,305,6,1007,146,560,188,0,301,22,1444,690,1036,135,185,527,295,744,339,114,425,120,95,381,95,381,19,6730,9367,1017,440,27,1155
 TEXAS (TX),471470,4728,2602,2413,10505,1512,4252,1153,9045,1619,5046,3732,423,5881,1860,17629,5433,2842,0,4757,9365,3645,8769,1750,4845,5909,1550,7962,7359,961,7798,1709,7126,81,7661,3918,800,8642,12464,1513,8961,3382,18366,6479,216,8543,3437,6201,6438,189,2353,2631,1619,2516,1917,2450,4692,7794,2745,4135,1052,2719,4849,145,2959,578,5261,1036,1457,1063,2,21242,457,4340,1080,2,2044,103,6260,4152,7902,924,1618,2114,1325,4742,1693,1562,217,895,479,2111,479,2111,58,44861,43828,2875,2056,668,3828
 UTAH (UT),51855,360,877,162,1647,119,411,500,1070,289,499,214,17,253,917,2637,824,238,0,1488,226,399,379,489,1013,569,57,950,130,177,642,10,1180,0,1225,180,9,777,2086,73,1154,215,1935,529,32,958,525,811,392,2,609,268,262,360,0,238,630,1072,305,0,157,269,402,0,112,165,743,47,0,93,0,363,9,586,370,38,143,2,911,456,403,114,279,75,213,308,377,20,2,26,84,191,84,191,202,4144,4991,701,229,108,857
 VERMONT (VT),3962,20,17,15,118,15,0,52,108,7,14,39,0,20,51,194,64,31,0,84,56,41,50,16,0,18,6,30,50,0,59,40,97,0,63,19,8,17,90,10,58,9,171,58,6,0,0,156,12,0,9,29,7,12,17,7,18,103,49,8,15,18,4,0,11,9,30,0,0,4,0,150,8,20,0,0,43,52,68,67,59,10,10,0,0,7,19,11,7,6,0,6,0,6,99,453,377,94,17,9,25
 VIRGINIA (VA),155350,1155,1168,663,3570,325,1577,956,3086,741,1698,906,234,2055,1088,6214,1820,862,0,6466,978,1397,2653,310,1076,1228,880,3040,2819,314,2085,626,2619,37,2130,1170,213,2252,3777,628,2687,492,4688,1936,724,2985,1119,2873,2641,18,1344,1250,630,1088,1424,781,1869,2437,961,27,974,589,1468,6,869,305,1285,301,468,292,7,5791,190,1406,764,255,519,82,1594,1608,2391,174,549,880,541,1694,697,333,339,287,132,354,132,354,215,12814,14206,1244,449,178,1824
 WASHINGTON (WA),123225,731,2761,785,2887,666,775,2539,2380,580,1652,1627,51,2008,976,5484,1675,1028,0,3064,1085,849,2194,492,1057,1472,446,1614,176,372,1366,391,2435,0,2330,589,91,2248,3407,289,3023,407,5842,1897,0,598,2977,1026,1016,0,802,1048,750,486,0,168,1786,1913,382,50,704,542,959,0,419,225,1516,230,386,238,0,1610,69,1595,218,546,370,142,1109,684,2416,498,1141,454,171,1755,628,208,0,377,585,260,585,260,820,9135,10444,1305,514,162,1202
 WEST VIRGINIA (WV),33272,298,44,248,930,102,0,463,882,43,230,73,16,389,71,1303,401,295,0,122,759,403,268,0,0,197,23,666,375,23,767,180,555,0,704,157,66,59,605,75,344,112,1224,741,16,522,3,822,426,0,38,569,256,337,235,91,461,630,367,111,126,214,234,0,109,42,600,4,130,136,0,636,23,476,21,0,154,66,399,419,662,84,243,116,174,411,94,83,0,11,60,3,60,3,37,3853,3391,239,85,95,682
 WISCONSIN (WI),88736,619,201,557,2603,179,195,7,2796,203,1613,646,38,844,1065,3676,1021,825,0,2004,919,313,1109,146,264,930,28,633,336,138,801,290,1613,0,1342,788,434,2326,3118,227,1430,645,3754,776,32,621,189,3549,788,0,546,949,394,476,770,257,1120,1165,533,2070,453,909,575,61,371,168,776,143,197,290,0,1526,177,804,31,0,445,89,1709,1171,2527,256,554,91,287,1462,358,256,8,104,0,335,0,335,208,6733,8394,445,687,18,872
 WYOMING (WY),11735,42,8,9,284,102,80,0,381,64,45,37,3,85,0,421,161,229,0,478,0,3,42,33,3,30,76,85,28,0,127,31,254,21,252,0,0,255,482,12,397,35,461,274,0,49,0,141,200,0,56,34,9,26,0,0,125,238,36,86,24,329,223,0,18,4,205,0,24,9,0,0,0,80,0,0,97,13,92,181,77,49,188,40,7,28,9,7,0,52,24,40,24,40,0,1392,1674,186,14,0,255
