,state,rep_votes_share,dem_votes_share,maskActual,predR,predRMask,year,margin,error margin,predMargin,errors
0,Alaska,0.69324479228428,0.30675520771572,1,0.692695,1,2010,0.38648958456856003,0.0005497706549465464,0.38539004,1.0
1,Alabama,0.6857984313807839,0.3142015686192161,1,0.68282026,1,2010,0.3715968627615678,0.0029781708560341347,0.36564052,1.0
2,Arkansas,0.5745733144369757,0.4195928309963606,1,0.57771635,1,2010,0.1549804834406151,0.0031430361184442424,0.1554327,1.0
3,Arizona,0.5569523017862478,0.4402608029301365,1,0.5583178,1,2010,0.1166914988561113,0.0013654787084421693,0.11663556,1.0
4,California,0.447856147823163,0.5496216354698733,0,0.44875696,0,2010,-0.10176548764671028,0.0009008151914396412,-0.102486104,-1.0
5,Colorado,0.5246692448122535,0.4753307551877464,1,0.525733,1,2010,0.0493384896245071,0.0010637492673363225,0.05146599,1.0
6,Connecticut,0.4181539453248761,0.579736914428254,0,0.41832024,0,2010,-0.16158296910337794,0.00016629326536438116,-0.16335952,-1.0
7,Delaware,0.4195595096743983,0.5804404903256016,0,0.41894206,0,2010,-0.16088098065120332,0.0006174456275385709,-0.16211584,-1.0
8,Florida,0.6184607683149534,0.3815392316850465,1,0.61759305,1,2010,0.23692153662990695,0.0008677183119016885,0.2351861,1.0
9,Georgia,0.6190596757773683,0.3809403242226317,1,0.6179924,1,2010,0.23811935155473662,0.0010672746543214373,0.2359848,1.0
10,Hawaii,0.3631682121291382,0.6368317878708618,0,0.36202577,0,2010,-0.2736635757417236,0.0011424445643646308,-0.2759485,-1.0
11,Iowa,0.5545536569608127,0.4454463430391873,1,0.5550869,1,2010,0.10910731392162543,0.0005332537638271795,0.11017382,1.0
12,Idaho,0.5959999819187791,0.341020865728854,1,0.5958353,1,2010,0.25497911618992514,0.00016465381666730394,0.19167066,1.0
13,Illinois,0.4776813783756762,0.5210888812361835,0,0.47923842,0,2010,-0.04340750286050726,0.0015570423491925722,-0.04152319,-1.0
14,Indiana,0.5847659333478021,0.4084898497070071,1,0.583477,1,2010,0.17627608364079506,0.001288913084130261,0.16695404,1.0
15,Kansas,0.657598788736042,0.3424012112639579,1,0.65622574,1,2010,0.31519757747208416,0.0013730478264656343,0.31245148,1.0
16,Kentucky,0.62452312166518,0.374490207999574,1,0.6244803,1,2010,0.250032913665606,4.28145629766119e-05,0.24896061,1.0
17,Louisiana,0.6845545545951381,0.3154454454048619,1,0.6825613,1,2010,0.36910910919027623,0.001993276251937459,0.36512256,1.0
18,Massachusetts,0.3661667296344516,0.6050968571374211,0,0.3643025,0,2010,-0.2389301275029695,0.0018642434531924712,-0.271395,-1.0
19,Maryland,0.379151572680006,0.620848427319994,0,0.38074556,0,2010,-0.24169685463998802,0.0015939872507954034,-0.23850891,-1.0
20,Maine,0.4397635409320145,0.5602364590679856,0,0.43964708,0,2010,-0.12047291813597111,0.00011646241791535283,-0.12070584,-1.0
21,Michigan,0.5415454697709917,0.4584545302290083,1,0.5410277,1,2010,0.08309093954198343,0.0005177450281023122,0.08205545,1.0
22,Minnesota,0.5812030340786013,0.4048138366820797,1,0.5808276,1,2010,0.1763891973965216,0.0003754402751955377,0.16165519,1.0
23,Missouri,0.606687646786143,0.3893569976470226,1,0.60422915,1,2010,0.21733064913912037,0.002458494583536752,0.2084583,1.0
24,Mississippi,0.5424699744119749,0.4491287520779064,1,0.54446757,1,2010,0.09334122233406844,0.001997593985547108,0.08893514,1.0
25,Montana,0.6409421463271014,0.3590578536728985,1,0.64007646,1,2010,0.28188429265420295,0.0008656878729693673,0.28015292,1.0
26,North Carolina,0.5446557764213691,0.4553442235786309,1,0.54538155,1,2010,0.08931155284273817,0.0007257695991387259,0.09076309,1.0
27,North Dakota,0.5492079341976103,0.4507920658023897,1,0.54849213,1,2010,0.0984158683952206,0.0007158005802091472,0.09698427,1.0
28,Nebraska,0.7045734785504071,0.2954265214495929,1,0.70267546,1,2010,0.40914695710081417,0.0018980167813030802,0.40535092,1.0
29,New Hampshire,0.5268920542303072,0.4589279789485727,1,0.5234145,1,2010,0.06796407528173448,0.0034775616231904616,0.046828985,1.0
30,New Jersey,0.5066160674208546,0.491940845929137,1,0.5073574,1,2010,0.014675221491717627,0.0007413511162852604,0.014714837,1.0
31,New Mexico,0.4841775175102363,0.5158224824897637,0,0.4853875,0,2010,-0.0316449649795274,0.0012099865905632612,-0.029224992,-1.0
32,Nevada,0.524249754649196,0.4662545457746117,1,0.523801,1,2010,0.057995208874584314,0.0004487259207108796,0.047602057,1.0
33,New York,0.3827403679113276,0.6172596320886724,0,0.38373843,0,2010,-0.2345192641773448,0.000998060442935711,-0.23252317,-1.0
34,Ohio,0.5556746436761637,0.4360552276572416,1,0.5575018,1,2010,0.11961941601892212,0.0018271492315511395,0.115003586,1.0
35,Oklahoma,0.6552031577088956,0.2799137430956644,1,0.65616506,1,2010,0.3752894146132312,0.000961905672299479,0.31233013,1.0
36,Oregon,0.4697080834684534,0.5243008787808595,0,0.4697757,0,2010,-0.05459279531240613,6.762306116392391e-05,-0.060448617,-1.0
37,Pennsylvania,0.5179453751717131,0.4792567988215928,1,0.5180248,1,2010,0.03868857635012035,7.9427036233648e-05,0.036049604,1.0
38,Rhode Island,0.3789536841351148,0.5543545748707478,0,0.37994298,0,2010,-0.17540089073563297,0.0009892992537859358,-0.240114,-1.0
39,South Carolina,0.5838753770556552,0.4161246229443448,1,0.5841663,1,2010,0.16775075411131035,0.0002909113201993163,0.16833258,1.0
40,South Dakota,0.4811850005948169,0.4589138016316768,0,0.4832741,0,2010,0.022271198963140115,0.0020891016161816434,-0.033451796,-1.0
41,Tennessee,0.6125750423315717,0.3473286212735389,1,0.6130853,1,2010,0.26524642105803276,0.000510287201051618,0.22617066,1.0
42,Texas,0.6752161133227987,0.3201764718480286,1,0.67279005,1,2010,0.35503964147477013,0.002426062816206942,0.3455801,1.0
43,Utah,0.6417691909948211,0.3582308090051789,1,0.6423908,1,2010,0.2835383819896422,0.0006215966066498435,0.28478158,1.0
44,Virginia,0.5544545291359078,0.4259111749351164,1,0.55315083,1,2010,0.12854335420079138,0.0013036964828621045,0.106301665,1.0
45,Vermont,0.3249628901847197,0.655029709118594,0,0.32589424,0,2010,-0.33006681893387435,0.0009313463799165422,-0.34821153,-1.0
46,Washington,0.4578373313963126,0.5229076767891058,0,0.46027923,0,2010,-0.06507034539279316,0.002441894906787978,-0.07944155,-1.0
47,Wisconsin,0.5511184419533448,0.4437696665758978,1,0.54963875,1,2010,0.10734877537744703,0.001479693784399494,0.0992775,1.0
48,West Virginia,0.554045273240407,0.4459547267595931,1,0.55363494,1,2010,0.1080905464808139,0.00041033166249559994,0.10726988,1.0
49,Wyoming,0.742048932248956,0.2579510677510441,1,0.7401873,1,2010,0.48409786449791187,0.00186164491832852,0.48037457,1.0
50,Alaska,0.690828154,0.309171846,1,0.68636197,1,2012,0.381656308,0.004466185482696505,0.37272394,1.0
51,Alabama,0.640137988,0.359862012,1,0.64077795,1,2012,0.280275976,0.0006399575184936612,0.2815559,1.0
52,Arkansas,0.676588908,0.323411092,1,0.67493796,1,2012,0.35317781600000003,0.001650944514282271,0.34987593,1.0
53,Arizona,0.544420268,0.455579732,1,0.5427459,1,2012,0.08884053599999997,0.0016743797668151705,0.08549178,1.0
54,California,0.379948024,0.620051976,0,0.37989622,0,2012,-0.24010395199999995,5.1800454925532424e-05,-0.24020755,-1.0
55,Colorado,0.514308557,0.485691443,1,0.51316214,1,2012,0.028617114,0.0011464209221191402,0.026324272,1.0
56,Connecticut,0.354289197,0.638698393,0,0.35649505,0,2012,-0.284409196,0.0022058555760650633,-0.28700992,-1.0
57,Delaware,0.341744581,0.658255419,0,0.3418476,0,2012,-0.31651083799999996,0.0001030175527038657,-0.3163048,-1.0
58,Florida,0.530068185,0.469931815,1,0.53102374,1,2012,0.060136369999999995,0.0009555557684326477,0.06204748,1.0
59,Georgia,0.592208709,0.407791291,1,0.58992195,1,2012,0.184417418,0.0022867577060546873,0.1798439,1.0
60,Hawaii,0.325487115,0.674512885,0,0.3249332,0,2012,-0.34902576999999996,0.0005539139253997738,-0.35013363,-1.0
61,Iowa,0.484694694,0.515305306,0,0.4859076,0,2012,-0.030610612000000037,0.0012129202311096376,-0.028184772,-1.0
62,Idaho,0.653287684,0.334496514,1,0.65083736,1,2012,0.31879117,0.0024503221874084824,0.30167472,1.0
63,Illinois,0.439334592,0.545970365,0,0.43982252,0,2012,-0.10663577299999993,0.00048793278599545964,-0.12035492,-1.0
64,Indiana,0.541936581,0.458063419,1,0.5435949,1,2012,0.08387316199999995,0.0016583157933655057,0.08718979,1.0
65,Kansas,0.791235534,0.208764466,1,0.7849887,1,2012,0.582471068,0.006246832656463641,0.5699774,1.0
66,Kentucky,0.593250017,0.395320656,1,0.59587204,1,2012,0.19792936100000003,0.0026220275632934387,0.19174409,1.0
67,Louisiana,0.7608934,0.2391066,1,0.7575409,1,2012,0.5217868000000001,0.003352518366241508,0.51508176,1.0
68,Massachusetts,0.24368823,0.726762297,0,0.24574658,0,2012,-0.48307406699999994,0.0020583527465057316,-0.5085068,-1.0
69,Maryland,0.343343722,0.656656278,0,0.34657535,0,2012,-0.313312556,0.003231627569320661,-0.30684927,-1.0
70,Maine,0.383369295,0.616630705,0,0.38499358,0,2012,-0.23326140999999995,0.0016242879639434826,-0.23001286,-1.0
71,Michigan,0.472684878,0.527315122,0,0.47272658,0,2012,-0.054630243999999994,4.170548083498593e-05,-0.054546833,-1.0
72,Minnesota,0.581872014,0.418127986,1,0.58161163,1,2012,0.16374402799999999,0.00026038069921874296,0.16322327,1.0
73,Missouri,0.566591822,0.433408178,1,0.5665536,1,2012,0.13318364400000005,3.8229318115257094e-05,0.13310719,1.0
74,Mississippi,0.628448659,0.367438404,1,0.6285718,1,2012,0.261010255,0.00012314933816526263,0.25714362,1.0
75,Montana,0.554874274,0.445125726,1,0.5560652,1,2012,0.109748548,0.0011909277593383782,0.1121304,1.0
76,North Carolina,0.490679652,0.509320348,0,0.49641338,0,2012,-0.018640696000000012,0.0057337279076080105,-0.00717327,-1.0
77,North Dakota,0.568283381,0.431716619,1,0.5683755,1,2012,0.13656676199999995,9.214685873415451e-05,0.13675106,1.0
78,Nebraska,0.642416005,0.357583995,1,0.64335096,1,2012,0.28483200999999997,0.0009349538241577582,0.28670192,1.0
79,New Hampshire,0.47755842,0.52244158,0,0.4752733,0,2012,-0.04488315999999998,0.0022851088618469073,-0.049453378,-1.0
80,New Jersey,0.443138292,0.555904065,0,0.44313303,0,2012,-0.11276577300000001,5.2656385345351e-06,-0.11373398,-1.0
81,New Mexico,0.448449164,0.551550836,0,0.45143214,0,2012,-0.10310167199999998,0.002982974681411732,-0.09713575,-1.0
82,Nevada,0.489250148,0.48504608,0,0.49061635,0,2012,0.004204068000000005,0.001366203366043095,-0.018767327,-1.0
83,New York,0.333173496,0.666826504,0,0.33405757,0,2012,-0.333653008,0.0008840735037841663,-0.33188486,-1.0
84,Ohio,0.520650087,0.479349913,1,0.5223967,1,2012,0.04130017400000002,0.0017465966929320897,0.044793367,1.0
85,Oklahoma,0.646239823,0.309460117,1,0.6469808,1,2012,0.33677970600000007,0.000740999086334182,0.29396164,1.0
86,Oregon,0.420054608,0.579945392,0,0.42067158,0,2012,-0.15989078399999995,0.0006169742219848673,-0.15865684,-1.0
87,Pennsylvania,0.488744205,0.503797138,0,0.4866364,0,2012,-0.015052933000000046,0.002107804777221667,-0.0267272,-1.0
88,Rhode Island,0.378932933,0.544506355,0,0.37789315,0,2012,-0.16557342199999997,0.0010397831472473418,-0.2442137,-1.0
89,South Carolina,0.589620874,0.410379126,1,0.58926326,1,2012,0.17924174799999998,0.0003576136354674908,0.17852652,1.0
90,South Dakota,0.574497342,0.425502658,1,0.5759945,1,2012,0.14899468400000004,0.0014971495771484156,0.15198898,1.0
91,Tennessee,0.610573976,0.355099009,1,0.61178684,1,2012,0.25547496699999994,0.0012128663461914435,0.22357368,1.0
92,Texas,0.599804402,0.399470568,1,0.6014668,1,2012,0.20033383399999993,0.001662372940490764,0.20293355,1.0
93,Utah,0.666411228,0.333588772,1,0.6651674,1,2012,0.332822456,0.0012438366997985506,0.33033478,1.0
94,Virginia,0.505912681,0.486844595,1,0.50368655,1,2012,0.019068085999999984,0.002226133720642065,0.0073730946,1.0
95,Vermont,0.237455396,0.733357943,0,0.23741648,0,2012,-0.495902547,3.8919988723767895e-05,-0.525167,-1.0
96,Washington,0.455561817,0.544438183,0,0.4590423,0,2012,-0.08887636600000004,0.0034804937147216997,-0.08191538,-1.0
97,Wisconsin,0.490845283,0.505906794,0,0.49105403,0,2012,-0.015061511000000027,0.00020874527262876308,-0.017891914,-1.0
98,West Virginia,0.599127783,0.400872217,1,0.5981218,1,2012,0.19825556600000005,0.0010059611196594487,0.19624364,1.0
99,Wyoming,0.743006361,0.256993639,1,0.7422395,1,2012,0.48601272199999995,0.0007668857497558079,0.48447895,1.0
100,Alaska,0.554379525,0.445620475,1,0.556338,1,2014,0.10875904999999997,0.0019584872184753577,0.112676024,1.0
101,Alabama,0.655195471,0.308530999,1,0.6560876,1,2014,0.346664472,0.0008921063429870868,0.31217515,1.0
102,Arkansas,0.66670286,0.33329714,1,0.66811883,1,2014,0.33340572,0.0014159744955444253,0.33623767,1.0
103,Arizona,0.585718853,0.414250326,1,0.5870856,1,2014,0.17146852700000004,0.001366751667663535,0.17417121,1.0
104,California,0.420419508,0.579580492,0,0.41630718,0,2014,-0.15916098399999995,0.004112326880081174,-0.16738561,-1.0
105,Colorado,0.516466885,0.483533115,1,0.51766133,1,2014,0.03293377000000003,0.0011944480841064031,0.035322666,1.0
106,Connecticut,0.403469431,0.587588512,0,0.40237746,0,2014,-0.18411908099999996,0.001091974573379506,-0.19524506,-1.0
107,Delaware,0.382855884,0.617144116,0,0.3841741,0,2014,-0.23428823199999999,0.0013182245052490438,-0.23165178,-1.0
108,Florida,0.560158676,0.439841324,1,0.5589171,1,2014,0.12031735200000004,0.0012415708020935279,0.11783421,1.0
109,Georgia,0.585171488,0.414828512,1,0.58651483,1,2014,0.17034297599999998,0.0013433425892944717,0.17302966,1.0
110,Hawaii,0.337804233,0.662195767,0,0.33949673,0,2014,-0.32439153400000004,0.0016924987581176665,-0.32100654,-1.0
111,Iowa,0.539217993,0.460782007,1,0.5403677,1,2014,0.07843598599999996,0.0011497295112915529,0.080735445,1.0
112,Idaho,0.632131449,0.367868551,1,0.63381946,1,2014,0.26426289799999997,0.0016880118688354928,0.26763892,1.0
113,Illinois,0.485765284,0.514234716,0,0.48488843,0,2014,-0.028469432000000017,0.0008768495899048045,-0.030223131,-1.0
114,Indiana,0.611033213,0.388966787,1,0.6106964,1,2014,0.22206642600000004,0.0003368376299743847,0.22139275,1.0
115,Kansas,0.634477159,0.365522841,1,0.6350314,1,2014,0.268954318,0.000554243111053454,0.2700628,1.0
116,Kentucky,0.634759943,0.36358153,1,0.63472486,1,2014,0.27117841300000006,3.508757702641585e-05,0.2694497,1.0
117,Louisiana,0.717427177,0.282572823,1,0.71717966,1,2014,0.43485435400000005,0.0002475209712524684,0.4343593,1.0
118,Massachusetts,0.171977131,0.822242148,0,0.17462085,0,2014,-0.650265017,0.002643720874351496,-0.65075827,-1.0
119,Maryland,0.418621153,0.581378847,0,0.41833615,0,2014,-0.16275769399999995,0.0002849999696045158,-0.1633277,-1.0
120,Maine,0.385216025,0.515559234,0,0.38682193,0,2014,-0.13034320900000002,0.0016059006401061837,-0.22635615,-1.0
121,Michigan,0.491244998,0.508755002,0,0.49527565,0,2014,-0.017510004000000023,0.004030648448135388,-0.009448737,-1.0
122,Minnesota,0.755173149,0.244826851,1,0.75123745,1,2014,0.510346298,0.003935696969818103,0.5024749,1.0
123,Missouri,0.616972497,0.378007278,1,0.61755043,1,2014,0.238965219,0.0005779356820373449,0.23510087,1.0
124,Mississippi,0.544910517,0.380768078,1,0.5455107,1,2014,0.16414243900000003,0.0006001922857360453,0.09102142,1.0
125,Montana,0.57825738,0.42174262,1,0.57837194,1,2014,0.15651476000000003,0.00011456204330440034,0.15674388,1.0
126,North Carolina,0.557599849,0.442400151,1,0.55826336,1,2014,0.11519969800000002,0.0006635124540099735,0.11652672,1.0
127,North Dakota,0.590731378,0.409268622,1,0.594005,1,2014,0.18146275599999995,0.0032736106703491474,0.18800998,1.0
128,Nebraska,0.647877578,0.352122422,1,0.647603,1,2014,0.295755156,0.00027460263150025366,0.29520595,1.0
129,New Hampshire,0.484276271,0.515723729,0,0.48371845,0,2014,-0.031447457999999984,0.0005578161622009081,-0.03256309,-1.0
130,New Jersey,0.489403187,0.509992636,0,0.4845832,0,2014,-0.020589448999999982,0.004819987975799578,-0.030833602,-1.0
131,New Mexico,0.470025246,0.529974754,0,0.47044238,0,2014,-0.05994950800000004,0.00041713848143004606,-0.0591152,-1.0
132,Nevada,0.588505938,0.405738536,1,0.58591264,1,2014,0.18276740199999997,0.0025932931368712886,0.17182529,1.0
133,New York,0.412873085,0.587126915,0,0.4120048,0,2014,-0.17425383000000005,0.0008682863492583959,-0.17599037,-1.0
134,Ohio,0.600209116,0.399790884,1,0.59934753,1,2014,0.20041823200000003,0.0008615842044983335,0.19869506,1.0
135,Oklahoma,0.700343121,0.266327321,1,0.7008176,1,2014,0.43401579999999995,0.00047446399145512075,0.40163517,1.0
136,Oregon,0.425878301,0.568515009,0,0.42643481,0,2014,-0.14263670799999995,0.0005565139299621435,-0.14713037,-1.0
137,Pennsylvania,0.55158321,0.441576479,1,0.55111754,1,2014,0.11000673099999997,0.00046567059417723655,0.10223508,1.0
138,Rhode Island,0.388976757,0.611023243,0,0.39244404,0,2014,-0.222046486,0.0034672873515777525,-0.21511194,-1.0
139,South Carolina,0.660790423,0.339209577,1,0.65580475,1,2014,0.32158084600000003,0.004985669696472184,0.3116095,1.0
140,South Dakota,0.66529627,0.33470373,1,0.6638314,1,2014,0.33059254000000005,0.0014648572077942124,0.32766283,1.0
141,Tennessee,0.627478027,0.331478648,1,0.625506,1,2014,0.295999379,0.0019720431705017027,0.25101197,1.0
142,Texas,0.644317337,0.353772217,1,0.6428222,1,2014,0.29054512000000005,0.0014951309796448209,0.2856444,1.0
143,Utah,0.656721388,0.343278612,1,0.65630805,1,2014,0.31344277600000003,0.00041333307598878655,0.3126161,1.0
144,Virginia,0.561497035,0.415294851,1,0.560057,1,2014,0.146202184,0.0014400505754089687,0.12011397,1.0
145,Vermont,0.3174515,0.658859286,0,0.3161591,0,2014,-0.341407786,0.0012924006595611548,-0.36768177,-1.0
146,Washington,0.483766752,0.516233248,0,0.4814806,0,2014,-0.03246649600000001,0.002286153550292991,-0.037038803,-1.0
147,Wisconsin,0.526411015,0.470600412,1,0.5262605,1,2014,0.05581060299999996,0.00015051981414793136,0.05252099,1.0
148,West Virginia,0.562667272,0.422850284,1,0.56564194,1,2014,0.13981698799999998,0.00297466764004517,0.13128388,1.0
149,Wyoming,0.749385114,0.250614886,1,0.74570054,1,2014,0.498770228,0.0036845758415832153,0.49140108,1.0
150,Alaska,0.5828031581281214,0.4171968418718786,1,0.5819029,1,2016,0.16560631625624284,0.0009002369283228617,0.16380584,1.0
151,Alabama,0.6627250832325974,0.3372749167674027,1,0.661556,1,2016,0.3254501664651947,0.001169077754692105,0.323112,1.0
152,Arkansas,0.8722736251408068,0.1277263748591932,1,0.8665095,1,2016,0.7445472502816135,0.00576412797512682,0.733019,1.0
153,Arizona,0.5500327901361703,0.4499672098638296,1,0.55097175,1,2016,0.10006558027234075,0.000938956308531802,0.10194349,1.0
154,California,0.3518615199453799,0.64813848005462,0,0.3530174,0,2016,-0.29627696010924015,0.0011558698289426128,-0.29396522,-1.0
155,Colorado,0.5048634446908783,0.4951365553091217,1,0.50241685,1,2016,0.009726889381756587,0.0024465955545257545,0.0048336983,1.0
156,Connecticut,0.3758795756621944,0.6174050421933682,0,0.37647897,0,2016,-0.24152546653117385,0.0005993943886173914,-0.24704206,-1.0
157,Delaware,0.4245383203360806,0.5754616796639194,0,0.42322487,0,2016,-0.1509233593278388,0.0013134539458523053,-0.15355027,-1.0
158,Florida,0.5429296636646832,0.4570703363353168,1,0.54550403,1,2016,0.08585932732936641,0.002574369900838036,0.09100807,1.0
159,Georgia,0.6026311511558126,0.3973688488441875,1,0.6024183,1,2016,0.20526230231162507,0.0002128476661275025,0.2048366,1.0
160,Hawaii,0.2130577693951842,0.7869422306048157,0,0.21430364,0,2016,-0.5738844612096315,0.001245873116183599,-0.5713928,-1.0
161,Iowa,0.5467964296137102,0.4532035703862898,1,0.54692,1,2016,0.09359285922742044,0.0001235718930951979,0.09384,1.0
162,Idaho,0.6816747291846905,0.3183252708153094,1,0.6799643,1,2016,0.3633494583693811,0.0017104252143536058,0.3599286,1.0
163,Illinois,0.460339648523456,0.539660351476544,0,0.46021894,0,2016,-0.07932070295308802,0.00012071231854571263,-0.07956216,-1.0
164,Indiana,0.5781460721426024,0.4218539278573975,1,0.5771187,1,2016,0.15629214428520488,0.0010273773603453051,0.15423739,1.0
165,Kansas,0.6319114173497112,0.2891178598897723,1,0.6341557,1,2016,0.34279355745993895,0.0022442733203021925,0.26831138,1.0
166,Kentucky,0.7071438445727132,0.2928561554272868,1,0.7069345,1,2016,0.41428768914542635,0.00020933291118363506,0.41386902,1.0
167,Louisiana,0.6895923091743759,0.3104076908256241,1,0.6901729,1,2016,0.3791846183487518,0.0005806015159317557,0.38034582,1.0
168,Massachusetts,0.156673181967204,0.8142451697867872,0,0.15669867,0,2016,-0.6575719878195831,2.5491996342746903e-05,-0.6866026,-1.0
169,Maryland,0.3702776597513439,0.629722340248656,0,0.3691651,0,2016,-0.2594446804973121,0.0011125670446636149,-0.26166984,-1.0
170,Maine,0.4803917352306356,0.5196082647693644,0,0.47812027,0,2016,-0.039216529538728784,0.002271467839430774,-0.043759465,-1.0
171,Michigan,0.5055688241399997,0.4944311758600003,1,0.5082282,1,2016,0.011137648279999413,0.002659358652663868,0.016456366,1.0
172,Minnesota,0.5778644181540693,0.4221355818459307,1,0.57829446,1,2016,0.1557288363081386,0.0004300378510271319,0.15658891,1.0
173,Missouri,0.6058391342364952,0.3941608657635048,1,0.60745496,1,2016,0.21167826847299037,0.0016158213413551836,0.21490991,1.0
174,Mississippi,0.5984490481916697,0.3954698564727889,1,0.5991681,1,2016,0.20297919171888074,0.0007190736230581196,0.19833624,1.0
175,Montana,0.5808495003836939,0.419150499616306,1,0.58230686,1,2016,0.16169900076738786,0.0014573614937475332,0.16461372,1.0
176,North Carolina,0.5331880024932533,0.4668119975067467,1,0.53606987,1,2016,0.06637600498650659,0.0028818675018639217,0.07213974,1.0
177,North Dakota,0.7443129944617107,0.2556870055382892,1,0.7410677,1,2016,0.4886259889234215,0.0032452869231059944,0.48213542,1.0
178,Nebraska,0.716078065720898,0.2839219342791019,1,0.71313065,1,2016,0.43215613144179615,0.0029474128163875513,0.4262613,1.0
179,New Hampshire,0.4448606788045674,0.4736498309957105,0,0.44544056,0,2016,-0.028789152191143086,0.0005798817747325047,-0.10911891,-1.0
180,New Jersey,0.4583752446665444,0.5416247553334557,0,0.45790562,0,2016,-0.08324951066691127,0.0004696243300117975,-0.08418873,-1.0
181,New Mexico,0.4398709836216887,0.5601290163783113,0,0.44097593,0,2016,-0.12025803275662256,0.0011049506453553737,-0.11804816,-1.0
182,Nevada,0.4950264207422454,0.5049735792577545,0,0.4982569,0,2016,-0.009947158515509147,0.00323047122362069,-0.0034861863,-1.0
183,New York,0.3375181318585168,0.6624818681414831,0,0.33872524,0,2016,-0.3249637362829663,0.001207107179950595,-0.32254955,-1.0
184,Ohio,0.5816898810610149,0.418310118938985,1,0.5789863,1,2016,0.16337976212202993,0.0027035939440105405,0.15797257,1.0
185,Oklahoma,0.7083379396461265,0.2765799350827052,1,0.7080795,1,2016,0.4317580045634213,0.00025842275846166274,0.41615903,1.0
186,Oregon,0.3981123144573857,0.5593178056091321,0,0.4027465,0,2016,-0.16120549115174643,0.004634184127361607,-0.194507,-1.0
187,Pennsylvania,0.5411954734693143,0.4588045265306857,1,0.539401,1,2016,0.08239094693862858,0.0017944786916348487,0.07880199,1.0
188,Rhode Island,0.3285374545809592,0.6128914522701965,0,0.3287735,0,2016,-0.2843539976892373,0.0002360439541970738,-0.342453,-1.0
189,South Carolina,0.6053315386387194,0.3946684613612806,1,0.60549456,1,2016,0.21066307727743877,0.00016302017246838663,0.21098912,1.0
190,South Dakota,0.6410278587896955,0.3589721412103045,1,0.64121276,1,2016,0.28205571757939096,0.00018490261243464534,0.28242552,1.0
191,Tennessee,0.6247200503543415,0.3405111969402628,1,0.6271423,1,2016,0.28420885341407875,0.0024222597881755625,0.25428462,1.0
192,Texas,0.6068076694359641,0.3931923305640359,1,0.60481507,1,2016,0.21361533887192818,0.001992603575215801,0.20963013,1.0
193,Utah,0.6660608741782436,0.3339391258217564,1,0.66740894,1,2016,0.33212174835648717,0.0013480689980259752,0.3348179,1.0
194,Virginia,0.4929131086895589,0.4973035686394495,0,0.48964003,0,2016,-0.004390459949890624,0.0032730814049367063,-0.020719975,-1.0
195,Vermont,0.0,1.0,0,0.0035782186,0,2016,-1.0,0.0035782186314463615,-0.9928435,-1.0
196,Washington,0.4472697693594627,0.5527302306405373,0,0.44159648,0,2016,-0.10546046128107456,0.005673291135662062,-0.116807014,-1.0
197,Wisconsin,0.4698672269311648,0.5104507700246164,0,0.47305954,0,2016,-0.04058354309345158,0.00319230809538551,-0.05388093,-1.0
198,West Virginia,0.6647342807551093,0.3352657192448907,1,0.66397494,1,2016,0.32946856151021864,0.0007593399782843679,0.32794988,1.0
199,Wyoming,0.6742127938802117,0.3257872061197883,1,0.6762264,1,2016,0.3484255877604234,0.0020135836069709034,0.35245275,1.0
200,Alaska,0.533063087,0.466936913,1,0.5326589,1,2018,0.06612617400000004,0.0004042120114441383,0.06531775,1.0
201,Alabama,0.589774447,0.410225553,1,0.5922736,1,2018,0.17954889400000001,0.0024991459489135393,0.18454719,1.0
202,Arkansas,0.63997253,0.36002747,1,0.6413088,1,2018,0.27994505999999997,0.0013362544848632973,0.28261757,1.0
203,Arizona,0.491386033,0.508613967,0,0.4904924,0,2018,-0.017227933999999945,0.0008936294927673338,-0.019015193,-1.0
204,California,0.33156281,0.66843719,0,0.3311841,0,2018,-0.33687438000000003,0.00037872081619261255,-0.33763182,-1.0
205,Colorado,0.440692687,0.548211349,0,0.44180465,0,2018,-0.10751866199999999,0.0011119604456786836,-0.116390705,-1.0
206,Connecticut,0.385574338,0.608387321,0,0.38313106,0,2018,-0.22281298300000002,0.0024432809759979413,-0.23373792,-1.0
207,Delaware,0.3554603,0.6445397,0,0.3576594,0,2018,-0.28907940000000004,0.002199099509429925,-0.2846812,-1.0
208,Florida,0.526364278,0.473635722,1,0.52347136,1,2018,0.05272855599999998,0.0028929225617675414,0.04694271,1.0
209,Georgia,0.522716655,0.477283345,1,0.52241343,1,2018,0.04543330999999995,0.00030322240188596083,0.044826865,1.0
210,Hawaii,0.232761033,0.767238967,0,0.23260903,0,2018,-0.5344779340000001,0.0001519994154052795,-0.53478193,-1.0
211,Iowa,0.477600276,0.518421919,0,0.4768158,0,2018,-0.04082164300000002,0.0007844860620269678,-0.04636839,-1.0
212,Idaho,0.626886445,0.353146502,1,0.6252506,1,2018,0.27373994300000004,0.0016358670733642722,0.25050116,1.0
213,Illinois,0.387350823,0.608815297,0,0.3893398,0,2018,-0.22146447400000002,0.0019889816493530166,-0.22132039,-1.0
214,Indiana,0.555130106,0.444869894,1,0.55276906,1,2018,0.11026021200000002,0.0023610410967407347,0.10553813,1.0
215,Kansas,0.54807945,0.45192055,1,0.550027,1,2018,0.09615890000000005,0.0019475628250121835,0.100054026,1.0
216,Kentucky,0.598091589,0.391975644,1,0.59885913,1,2018,0.20611594500000002,0.0007675423362121236,0.19771826,1.0
217,Louisiana,0.589088835,0.389934988,1,0.5919886,1,2018,0.199153847,0.0028997881422424543,0.18397725,1.0
218,Massachusetts,0.20394954,0.79605046,0,0.20324725,0,2018,-0.59210092,0.0007022908735656863,-0.5935055,-1.0
219,Maryland,0.330758201,0.669241799,0,0.33228272,0,2018,-0.33848359800000005,0.0015245209963073991,-0.33543456,-1.0
220,Maine,0.400760998,0.551198977,0,0.40148336,0,2018,-0.150437979,0.0007223589526672569,-0.19703329,-1.0
221,Michigan,0.460090973,0.539909027,0,0.45847303,0,2018,-0.07981805399999997,0.0016179462475280904,-0.08305395,-1.0
222,Minnesota,0.442026515,0.557973485,0,0.44300666,0,2018,-0.11594696999999998,0.0009801495145416173,-0.1139867,-1.0
223,Missouri,0.564224924,0.435775076,1,0.56141186,1,2018,0.12844984800000003,0.002813066395019548,0.122823715,1.0
224,Mississippi,0.513228239,0.434372944,1,0.5134527,1,2018,0.07885529500000005,0.00022446972116085817,0.026905417,1.0
225,Montana,0.523856759,0.476143241,1,0.52626,1,2018,0.047713517999999955,0.002403259348693898,0.052520037,1.0
226,North Carolina,0.510364651,0.489635349,1,0.5083429,1,2018,0.02072930199999995,0.002021729266143746,0.016685843,1.0
227,North Dakota,0.60201784,0.355725091,1,0.60284954,1,2018,0.24629274900000003,0.0008317030946349835,0.20569909,1.0
228,Nebraska,0.620292289,0.379707711,1,0.62072885,1,2018,0.240584578,0.0004365613646850619,0.2414577,1.0
229,New Hampshire,0.444436908,0.555563092,0,0.443135,0,2018,-0.11112618399999996,0.0013019146852569774,-0.11372998,-1.0
230,New Jersey,0.392299352,0.607700648,0,0.3930931,0,2018,-0.21540129600000002,0.0007937571308593849,-0.21381378,-1.0
231,New Mexico,0.395828193,0.604171807,0,0.39662784,0,2018,-0.20834361399999995,0.0007996503799743704,-0.20674431,-1.0
232,Nevada,0.466391042,0.521061614,0,0.46495968,0,2018,-0.05467057199999997,0.0014313609659118431,-0.07008064,-1.0
233,New York,0.303460082,0.696015209,0,0.30389747,0,2018,-0.392555127,0.0004373882358245651,-0.39220503,-1.0
234,Ohio,0.523850959,0.476149041,1,0.52608794,1,2018,0.04770191800000001,0.00223698073922729,0.05217588,1.0
235,Oklahoma,0.621889408,0.364734365,1,0.6204128,1,2018,0.257155043,0.001476581461914095,0.24082565,1.0
236,Oregon,0.390114897,0.589401226,0,0.3905866,0,2018,-0.19928632899999998,0.0004717176087646324,-0.21882677,-1.0
237,Pennsylvania,0.44852483,0.55147517,0,0.44851255,0,2018,-0.10295034000000003,1.22758312988136e-05,-0.10297489,-1.0
238,Rhode Island,0.348639817,0.651360183,0,0.34751,0,2018,-0.30272036599999996,0.0011298069959564394,-0.30498,-1.0
239,South Carolina,0.550169234,0.449830766,1,0.55072474,1,2018,0.10033846799999996,0.0005555107967529782,0.10144949,1.0
240,South Dakota,0.612405657,0.365472283,1,0.6113494,1,2018,0.24693337400000004,0.0010562531418152332,0.22269881,1.0
241,Tennessee,0.592484987,0.391909474,1,0.58946836,1,2018,0.20057551299999998,0.003016627052795373,0.17893672,1.0
242,Texas,0.515655874,0.480416379,1,0.5180804,1,2018,0.03523949500000001,0.0024245393415222027,0.036160827,1.0
243,Utah,0.604691325,0.366365516,1,0.602359,1,2018,0.238325809,0.002332328131866457,0.204718,1.0
244,Virginia,0.430037652,0.569962348,0,0.4336451,0,2018,-0.13992469600000002,0.0036074474014740066,-0.13270977,-1.0
245,Vermont,0.263468747,0.702584569,0,0.2634718,0,2018,-0.439115822,3.065009811398234e-06,-0.47305635,-1.0
246,Washington,0.357032041,0.642967959,0,0.3603065,0,2018,-0.285935918,0.0032744603885497825,-0.279387,-1.0
247,Wisconsin,0.457822804,0.533749563,0,0.45635223,0,2018,-0.07592675899999995,0.0014705701132812776,-0.08729553,-1.0
248,West Virginia,0.589710939,0.410289061,1,0.58992696,1,2018,0.17942187800000003,0.00021601908410640025,0.17985392,1.0
249,Wyoming,0.681139749,0.318860251,1,0.6800859,1,2018,0.362279498,0.00105385155432125,0.3601718,1.0
250,Alaska,0.545840412,0.454159588,1,0.5431696,1,2020,0.091680824,0.0026707943471069306,0.086339235,1.0
251,Alabama,0.699327002,0.300672998,1,0.58050996,1,2020,0.39865400399999995,0.11881704134860227,0.16101992,1.0
252,Arkansas,0.714792048,0.285207952,1,0.60833186,1,2020,0.42958409599999997,0.10646018888821407,0.21666372,1.0
253,Arizona,0.501407354,0.498592646,1,0.46182585,0,2020,0.0028147080000000546,0.039581506374267605,-0.076348305,0.5
254,California,0.337261608,0.662738392,0,0.33933496,0,2020,-0.32547678399999996,0.002073356752197275,-0.32133007,-1.0
255,Colorado,0.450805613,0.549194387,0,0.4518205,0,2020,-0.09838877400000001,0.0010148797444458069,-0.096359015,-1.0
256,Connecticut,0.394278892,0.595973245,0,0.38594857,0,2020,-0.20169435300000005,0.008330323417465202,-0.2281029,-1.0
257,Delaware,0.411056273,0.588943727,0,0.42519787,0,2020,-0.17788745399999994,0.014141596539260837,-0.14960429,-1.0
258,Florida,0.52530272,0.47469728,1,0.44795325,0,2020,0.05060544,0.0773494660155487,-0.10409352,0.5
259,Georgia,0.509962865,0.490037135,1,0.5066257,1,2020,0.019925729999999975,0.00333715308212279,0.013251424,1.0
260,Hawaii,0.304356863,0.695643137,0,0.2901089,0,2020,-0.39128627400000004,0.014247973658645607,-0.4197822,-1.0
261,Iowa,0.529952414,0.470047586,1,0.50958556,1,2020,0.05990482800000002,0.020366854631866493,0.019171119,1.0
262,Idaho,0.687208055,0.312791945,1,0.551802,1,2020,0.37441611,0.13540607545822148,0.10360396,1.0
263,Illinois,0.417303965,0.579354225,0,0.42875585,0,2020,-0.16205026,0.011451884599838258,-0.14248827,-1.0
264,Indiana,0.592690802,0.407309198,1,0.5122959,1,2020,0.18538160400000003,0.08039490022463991,0.024591804,1.0
265,Kansas,0.582000906,0.417999094,1,0.5460851,1,2020,0.16400181199999997,0.03591578675256346,0.09217024,1.0
266,Kentucky,0.649697554,0.350302446,1,0.55709213,1,2020,0.29939510799999997,0.09260542381582637,0.11418426,1.0
267,Louisiana,0.647435946,0.343809554,1,0.60301036,1,2020,0.30362639199999997,0.04442558957376097,0.20602071,1.0
268,Massachusetts,0.219701301,0.780298699,0,0.24814938,0,2020,-0.5605973980000001,0.02844807908785249,-0.5037012,-1.0
269,Maryland,0.349605052,0.650394948,0,0.3852344,0,2020,-0.30078989599999995,0.03562933372883603,-0.22953126,-1.0
270,Maine,0.420452439,0.579547561,0,0.46487215,0,2020,-0.15909512200000003,0.04441971261323546,-0.07025573,-1.0
271,Michigan,0.493343331,0.506656669,0,0.4581944,0,2020,-0.013313337999999952,0.035148926159530636,-0.08361122,-1.0
272,Minnesota,0.573280619,0.426719381,1,0.4624422,0,2020,0.14656123800000004,0.1108384295449677,-0.07511565,0.5
273,Missouri,0.595273603,0.404726397,1,0.5072642,1,2020,0.19054720599999997,0.0880094061272888,0.014528394,1.0
274,Mississippi,0.657111722,0.342888278,1,0.59087116,1,2020,0.314223444,0.0662405667380066,0.18174231,1.0
275,Montana,0.56386355,0.43613645,1,0.55597967,1,2020,0.12772709999999998,0.007883880905914298,0.11195934,1.0
276,North Carolina,0.497241146,0.502758854,0,0.45431685,0,2020,-0.0055177079999999545,0.04292429152307131,-0.09136629,-1.0
277,North Dakota,0.714538795,0.285461205,1,0.5845824,1,2020,0.42907758999999995,0.12995640659896845,0.16916478,1.0
278,Nebraska,0.642230689,0.357769311,1,0.5966589,1,2020,0.28446137800000004,0.04557180352102663,0.19331777,1.0
279,New Hampshire,0.461032112,0.538967888,0,0.46004605,0,2020,-0.07793577599999996,0.0009860590672607361,-0.079907894,-1.0
280,New Jersey,0.420578138,0.579421862,0,0.39765215,0,2020,-0.15884372400000002,0.022925988799560537,-0.2046957,-1.0
281,New Mexico,0.451306876,0.548693124,0,0.49690682,0,2020,-0.09738624800000001,0.04559994095938108,-0.006186366,-1.0
282,Nevada,0.487802006,0.512197994,0,0.45381904,0,2020,-0.02439598799999998,0.03398296951623536,-0.09236193,-1.0
283,New York,0.363324731,0.636675269,0,0.33883542,0,2020,-0.27335053800000003,0.024489312775665295,-0.32232916,-1.0
284,Ohio,0.570243043,0.429756957,1,0.5145938,1,2020,0.14048608599999995,0.05564926295925898,0.02918756,1.0
285,Oklahoma,0.681560355,0.310522077,1,0.5785839,1,2020,0.371038278,0.10297645883987427,0.15716779,1.0
286,Oregon,0.429277238,0.570722762,0,0.43671682,0,2020,-0.14144552400000004,0.0074395867699737495,-0.12656638,-1.0
287,Pennsylvania,0.506334202,0.493665798,1,0.45788383,0,2020,0.012668404000000022,0.048450367161132823,-0.08423233,0.5
288,Rhode Island,0.225985889,0.642904293,0,0.37714458,0,2020,-0.41691840399999996,0.15115868611901856,-0.24571085,-1.0
289,South Carolina,0.567460794,0.432539206,1,0.5043975,1,2020,0.13492158800000004,0.06306328251776128,0.008795023,1.0
290,South Dakota,1.0,0.0,1,0.5885247,1,2020,1.0,0.4114753007888794,0.1770494,1.0
291,Tennessee,0.593044448,0.389040578,1,0.5180053,1,2020,0.20400386999999998,0.07503913651089478,0.036010623,1.0
292,Texas,0.545504181,0.450697722,1,0.49786997,0,2020,0.09480645899999995,0.047634212585693336,-0.004260063,0.5
293,Utah,0.633184537,0.366815463,1,0.5170303,1,2020,0.266369074,0.11615423829013061,0.034060597,1.0
294,Virginia,0.475003474,0.5228693,0,0.4201488,0,2020,-0.047865826,0.05485468411734007,-0.15970242,-1.0
295,Vermont,0.273126548,0.680684484,0,0.27532828,0,2020,-0.407557936,0.002201730541564917,-0.44934344,-1.0
296,Washington,0.397714546,0.602285454,0,0.42342123,0,2020,-0.204570908,0.025706687892440794,-0.1531575,-1.0
297,Wisconsin,0.513414325,0.484140976,1,0.46525142,0,2020,0.02927334899999995,0.048162909032058665,-0.06949714,0.5
298,West Virginia,0.675627421,0.324372579,1,0.5648274,1,2020,0.35125484199999996,0.11080003843545527,0.12965477,1.0
299,Wyoming,0.736132029,0.263867971,1,0.63246983,1,2020,0.472264058,0.10366219610281369,0.26493967,1.0
