,3M Company,AT&T,Absolut,Adidas,Airbnb,Aldi,Allstate,Amazon,American Airlines,American Express,Apple,BP,Bacardi,Bank of America,Berkshire Hathaway,Best Buy,Blue Moon,Boeing,Bud Light,Budwesier,Bulleit,Burger King,CVS,Capital One,Captain Morgan,Casamigos,Charter,Chewy,Chick-fil-A,Chipotle,Citigroup,Clorox Company,Coca-Cola,Comcast,Coors Brewing,Corona Beer,Costco,Crown Royal,Dell,Delta Air Lines,Dicks Sporting Goods,Dish,Disney,Dodge,Dollar General,Dollar Tree,Dominos Pizza,DoorDash,Doordash,Dos Equis,Electronic Arts,Evan Willaims,ExxonMobil,Facebook,FedEx,Fiat Chrysler,Fidelity,Fireball,Ford,Forever 21,Fox,GameStop,General Electric,General Mills,General Motors,Goldman Sachs,Google,Goya,Grey Goose,Grubhub,Guinness,HP,Heineken,Hennesey,Hershey Company,Hobby Lobby,Home Depot,Honda,Honeywell,Huawei,Hulu,Hyundai,IBM,IKEA,In-n-Out,Instacart,JCPenney,JPMorgan Chase,Jack Daniels,Jameson,Jim Beam,Johnson & Johnson,Jose Cuervo,Juul,Kaiser Permanente,Ketel One,Kohls,Kraft Heinz,Kroger,LG,LL Bean,Lowes,MLB,Macys,Makers Mark,Malibu Rum,Mastercard,McDonalds,Michelob,Microsoft,Miller Beer,Modelo,Moderna,Monsanto,MyPillow,NBA,NFL,NHL,Nestle,Netflix,New Amsterdam Vodka,Nike,Nintendo,Nissan,Nordstrom,PG&E,Pabst Blue Ribbon,Papa Johns,Patagonia,Patron Tequilla,Paypal,Peloton,PepsiCo,Pfizer,Phillip Morris,Popeyes,Procter & Gamble,Progressive,Publix,REI,REI,Ram Trucks,Reddit,Redskins,Robinhood,Samsung,Samuel Adams,Sears,Shell,Smirnof,Smirnoff,Sony,Southwest Airlines,SpaceX,Spirit Airlines,Starbucks,State Farm,Stella Artois,Subaru,Svedka,T-Mobile,Taco Bell,Target,Tesla Motors,TikTok,Titos,Toyota,Truly,Trump Organization,Twitter,UPS,USAA,Uber,Under Armour,Unilever,United Airlines,UnitedHealth,Verizon,Volkswagen,Walgreens,Walmart,Wayfair,Wegmans,Wells Fargo,Wendys,White Claw,Whole Foods,Wish.com,Woodford Reserve,Yum!,Zoom,eBay
Alaska,0,70,10,44,56,3,70,91,45,37,50,85,40,42,11,44,78,28,25,0,41,28,3,12,32,0,35,87,12,8,25,0,17,4,0,90,59,67,75,0,4,74,31,48,2,13,34,0,0,0,25,0,42,62,52,0,43,65,48,53,55,58,11,0,18,11,77,48,0,0,66,58,31,0,0,4,65,66,48,26,64,44,24,27,15,0,62,9,39,89,20,14,27,0,5,0,26,0,3,64,20,42,35,22,2,0,53,55,43,55,0,1,2,10,0,44,45,53,42,83,0,31,82,44,78,3,0,24,79,0,79,0,28,13,0,20,10,74,1,100,100,35,93,6,17,62,32,73,80,0,26,49,8,21,2,22,77,96,100,52,11,52,25,74,45,37,78,85,0,36,69,100,14,29,4,25,0,13,60,17,40,0,0,100,21,0,14,0,0,0,77,76
Alabama,33,85,53,42,13,39,59,75,38,45,54,52,35,21,8,63,66,25,72,0,26,70,38,13,38,0,52,47,68,20,21,57,35,25,0,65,15,86,88,49,60,73,72,29,89,82,51,0,0,66,56,0,9,66,48,9,35,42,60,53,86,75,9,9,21,14,73,48,30,1,59,65,26,40,0,69,65,95,40,6,41,91,45,26,7,0,72,33,59,99,12,28,50,30,2,40,29,72,13,63,12,73,40,27,9,57,57,67,76,77,35,1,2,11,0,41,47,13,49,51,0,48,78,75,15,2,31,57,27,0,75,12,25,28,88,34,18,54,46,8,8,22,55,7,24,70,49,65,79,0,50,44,23,100,6,27,72,31,20,44,66,68,43,65,7,6,93,68,20,66,85,41,17,66,20,16,5,60,72,39,93,0,2,17,48,0,39,0,6,0,86,90
Arkansas,21,77,21,49,17,18,41,63,63,38,44,31,34,48,9,51,73,11,59,0,50,63,12,12,25,0,15,80,57,18,28,0,25,18,0,14,10,68,66,23,24,82,48,38,72,81,49,0,0,67,15,0,12,70,55,25,29,62,60,58,66,67,13,6,23,10,82,29,34,0,53,58,28,0,0,73,55,77,26,29,40,70,57,24,19,0,91,34,32,77,13,23,62,0,2,46,36,34,28,68,9,50,38,20,11,45,67,68,20,67,40,1,1,19,0,47,37,16,77,46,0,43,85,64,14,3,58,40,25,0,83,14,30,15,95,39,0,55,3,8,8,39,49,5,13,64,61,62,80,0,55,51,35,13,6,24,66,39,23,21,27,73,31,62,14,11,70,100,37,46,71,22,13,55,23,17,10,49,70,49,100,0,3,18,46,0,32,83,3,0,73,94
Arizona,14,37,45,47,21,11,44,80,63,87,65,26,38,80,12,64,69,27,57,0,45,56,40,9,30,0,17,51,17,61,36,41,25,13,0,99,68,44,86,32,37,81,47,43,15,76,58,0,0,98,34,0,16,50,68,24,41,45,45,56,65,80,15,10,22,23,85,44,40,1,68,76,28,34,21,33,94,85,100,31,63,68,66,76,69,0,55,57,30,69,13,27,49,13,10,41,48,8,4,76,6,43,53,34,7,53,65,64,69,84,30,2,5,14,0,79,69,30,56,65,0,42,66,77,37,11,45,49,26,0,84,24,33,24,91,23,21,61,2,22,22,32,70,7,22,83,46,64,67,0,32,69,80,24,7,61,47,50,29,24,67,70,49,69,37,20,92,97,33,66,99,43,14,28,21,38,6,65,71,83,72,0,3,79,52,0,48,55,3,0,81,68
California,10,42,68,98,51,38,25,64,46,50,57,25,31,47,8,40,38,17,25,24,23,39,31,8,18,0,20,42,12,37,22,52,17,27,7,63,50,28,64,18,12,47,45,18,4,49,39,0,0,50,91,0,9,83,44,15,35,38,29,77,38,60,10,5,13,16,93,54,34,8,44,82,37,38,6,4,45,74,19,100,43,59,62,70,57,0,33,23,18,64,9,17,34,61,73,29,23,0,2,99,5,19,56,47,4,26,60,45,20,59,14,73,73,14,0,59,34,23,88,40,0,44,95,49,49,100,21,19,36,100,73,62,22,22,75,13,31,36,1,31,31,9,66,4,18,100,27,41,70,55,30,100,28,29,5,49,30,61,29,24,48,45,32,83,30,31,69,49,7,99,64,14,16,12,52,38,4,35,93,26,33,39,3,41,20,14,54,8,2,0,95,53
Colorado,28,47,44,51,29,16,36,81,49,47,68,30,38,26,12,60,84,17,58,100,40,51,11,10,31,0,19,68,28,63,26,58,20,98,100,56,46,48,86,25,64,100,44,41,14,66,51,0,0,62,57,0,14,45,63,9,40,62,51,44,66,53,16,9,18,20,86,46,40,3,66,78,21,48,0,46,90,81,41,27,64,49,64,32,28,0,43,33,29,70,15,29,42,40,54,31,45,8,6,63,10,46,58,27,6,47,52,50,39,79,39,1,4,23,0,51,67,35,50,68,0,43,62,60,36,10,45,34,48,0,82,100,21,26,57,21,9,58,1,60,60,34,68,9,16,74,48,67,67,0,35,68,60,37,5,61,49,71,90,36,58,63,47,79,38,18,90,64,8,55,93,37,15,35,16,99,7,53,63,56,64,0,5,72,51,17,85,0,3,0,78,75
Connecticut,18,60,75,61,37,61,50,93,50,61,76,29,92,79,15,58,69,15,58,0,34,51,66,12,56,0,37,61,9,25,58,37,19,77,0,94,27,36,78,31,64,45,60,24,9,60,34,0,0,90,55,0,21,54,48,20,51,40,42,73,51,78,22,9,20,41,84,95,77,5,86,63,50,65,0,6,88,92,42,9,62,72,80,76,10,0,51,43,33,87,18,32,44,20,3,52,57,0,3,53,32,47,90,66,7,70,61,54,54,67,27,1,2,16,0,64,56,44,60,55,0,56,76,73,34,5,54,12,30,0,66,14,65,99,61,19,18,55,2,15,15,23,67,8,18,67,77,80,65,61,81,63,20,24,20,35,31,70,69,61,41,45,45,57,24,23,79,64,0,73,90,14,16,37,100,25,14,60,80,34,58,0,8,8,45,13,70,28,2,0,78,75
Delaware,0,45,66,85,0,44,42,58,35,56,50,31,90,43,12,51,84,20,64,0,67,60,31,15,57,0,44,86,32,26,39,0,22,95,0,37,20,33,76,0,82,39,53,31,33,77,54,0,0,64,41,0,24,48,58,0,41,37,42,86,43,83,15,10,31,33,78,73,31,7,100,54,39,0,0,6,66,75,47,24,37,91,81,69,0,0,66,100,39,65,11,24,100,0,4,0,49,0,2,65,16,47,77,58,5,35,100,76,71,60,32,2,3,12,0,51,68,51,52,34,0,46,76,66,35,2,100,47,14,0,74,13,5,100,0,26,31,66,1,11,11,10,52,40,28,62,37,62,84,0,52,58,26,51,24,34,56,53,40,28,47,56,36,30,0,0,59,67,100,58,72,29,25,61,37,19,3,67,81,37,51,0,39,14,36,100,45,0,7,0,74,50
Florida,11,64,42,58,30,49,59,66,90,71,57,48,72,97,10,67,68,15,48,0,12,78,51,14,38,0,24,48,33,29,37,29,21,54,0,65,25,65,84,37,28,65,100,35,39,84,52,0,0,63,48,0,13,66,67,21,44,44,48,75,50,99,15,7,19,17,95,73,54,1,54,72,39,37,15,14,81,90,28,75,44,96,50,77,6,0,74,46,27,68,17,23,41,28,4,45,32,22,4,79,7,46,63,58,7,34,55,83,52,75,25,5,7,13,0,69,63,27,47,50,0,52,90,82,30,3,26,70,11,0,99,21,29,24,65,33,13,74,100,6,6,26,49,8,22,91,51,72,87,76,39,75,39,33,100,42,61,46,22,40,72,64,45,46,24,14,87,80,12,71,100,33,16,27,20,23,6,47,77,70,75,0,5,14,57,12,53,0,2,0,76,80
Georgia,25,70,46,68,22,59,55,72,41,68,58,40,46,75,11,57,66,15,50,27,54,53,48,15,29,0,38,56,97,26,28,96,100,66,0,76,24,60,81,100,49,82,60,38,51,79,45,0,0,71,45,0,14,59,69,22,44,48,52,53,70,84,17,12,22,19,77,43,47,2,56,70,30,99,15,49,100,95,33,41,45,76,76,61,11,0,69,37,35,83,17,33,44,28,21,37,41,4,63,87,9,54,58,52,10,35,61,80,37,75,34,9,9,16,0,68,55,25,62,46,0,53,88,77,28,4,25,81,20,0,86,19,36,33,65,37,34,79,55,19,19,25,60,8,21,88,51,67,72,22,37,68,17,20,21,42,84,40,21,22,60,54,42,48,17,32,85,69,4,82,100,36,14,38,37,15,5,58,67,45,77,0,4,23,54,13,44,30,8,0,68,72
Hawaii,0,50,45,55,100,3,37,100,75,67,76,24,54,24,13,43,51,28,41,0,0,54,15,12,17,0,16,89,9,10,23,0,16,5,0,54,99,83,64,41,7,37,51,22,2,13,37,0,0,70,30,0,0,64,48,0,37,53,25,92,37,88,14,5,12,17,87,97,42,1,55,62,100,0,0,3,55,84,15,10,78,48,37,24,18,0,13,16,20,83,8,19,33,0,100,0,9,0,0,54,7,23,41,64,4,32,58,69,39,55,0,0,1,35,0,64,46,17,35,83,0,44,75,66,51,2,5,44,26,0,100,23,11,19,0,21,6,45,0,15,15,21,66,10,10,59,49,67,94,0,31,74,10,16,3,52,48,58,34,21,100,54,27,50,82,44,93,69,0,58,59,67,20,33,9,100,5,40,54,19,51,0,2,12,32,37,72,0,0,0,81,81
Iowa,43,22,41,57,7,59,27,69,49,25,58,31,43,16,18,52,80,11,74,0,21,53,12,9,51,0,12,89,11,22,27,0,27,6,0,35,11,70,61,27,48,85,35,100,52,56,28,0,0,50,26,0,5,53,43,0,34,83,67,42,52,44,15,34,29,19,86,58,29,3,80,56,25,0,0,63,37,56,38,10,35,46,62,32,13,0,70,22,37,76,20,25,38,0,3,26,48,0,2,67,10,36,56,13,6,86,49,64,83,75,40,2,3,91,51,38,62,22,65,37,0,47,76,42,16,3,36,30,14,0,58,8,100,29,61,16,15,70,1,7,7,56,67,5,24,49,83,57,88,0,50,42,15,19,6,28,71,49,32,26,19,41,50,47,35,0,58,66,0,39,66,10,15,61,23,33,8,49,62,43,70,0,9,40,43,0,17,0,3,0,62,86
Idaho,60,34,67,35,37,5,36,78,25,36,49,25,49,34,6,42,57,20,59,0,0,52,9,10,43,0,29,96,28,15,25,0,22,11,0,100,51,48,74,34,29,95,37,43,11,54,50,0,0,86,100,0,15,56,53,12,34,40,42,44,55,45,15,10,24,15,91,52,37,0,59,100,19,0,0,31,67,64,33,19,59,49,55,35,9,0,48,19,21,83,16,22,24,0,7,0,27,100,4,70,9,36,38,40,7,47,43,51,67,65,29,1,0,32,0,42,46,26,49,78,0,43,89,41,21,6,46,33,36,0,78,7,22,20,57,13,17,65,1,36,36,21,60,6,34,62,72,59,77,0,19,58,48,18,3,41,46,57,60,15,50,100,27,74,20,0,74,53,0,39,82,23,16,34,30,43,2,55,75,42,67,0,9,47,44,0,24,0,6,0,82,82
Illinois,29,64,58,62,29,100,100,77,100,60,74,43,43,46,14,69,58,19,59,25,40,55,42,14,44,0,39,65,36,56,45,100,22,89,15,81,33,48,82,26,57,74,50,33,27,70,36,0,0,87,47,0,20,49,69,25,57,50,48,78,63,83,16,18,28,29,81,50,53,100,70,72,39,46,16,38,72,77,40,32,50,87,97,76,14,0,68,75,31,90,26,36,47,53,6,79,64,12,9,82,10,37,78,57,9,48,68,97,41,76,54,3,3,27,0,79,62,75,74,46,0,52,85,58,59,5,40,26,22,0,80,13,85,40,80,37,32,54,2,16,16,17,76,6,25,87,47,100,88,20,53,75,43,23,22,57,100,72,36,56,70,51,50,98,19,15,74,72,13,74,99,11,16,36,62,69,10,49,71,97,57,24,5,15,46,21,85,19,5,0,72,72
Indiana,25,63,65,65,24,82,44,73,42,31,61,32,48,17,11,62,60,17,69,0,30,76,45,10,49,0,16,66,30,35,27,29,25,67,0,56,13,78,79,34,79,67,56,36,57,63,34,0,0,85,43,0,13,52,47,27,37,56,56,47,61,58,19,15,39,18,84,50,46,18,71,68,25,54,28,48,41,78,53,9,50,52,60,36,10,0,63,72,29,99,34,32,43,0,3,31,61,28,36,62,9,55,46,35,10,57,54,81,53,77,48,1,4,26,0,65,70,32,100,43,0,41,80,37,27,2,49,57,16,0,63,15,37,42,77,22,38,58,2,9,9,29,76,8,20,72,80,73,71,0,62,52,23,29,9,43,60,59,31,72,37,84,44,59,11,9,66,83,45,66,91,9,17,45,44,25,6,69,71,47,74,42,6,11,60,0,32,100,6,0,83,82
Kansas,12,50,30,73,10,63,32,71,51,30,59,31,40,52,14,66,59,31,84,0,29,62,22,10,39,0,8,64,17,59,25,0,18,13,0,55,15,79,79,26,78,66,45,78,60,73,39,0,0,72,35,0,18,57,45,19,54,73,65,51,66,71,14,11,28,20,77,24,33,0,63,66,24,44,0,79,77,83,39,13,57,70,51,23,7,0,74,23,40,72,21,38,68,0,2,18,43,20,9,63,9,55,44,24,14,66,56,71,79,77,34,1,2,20,0,40,66,18,63,56,0,43,85,49,20,2,49,51,20,0,73,13,48,30,64,22,33,59,1,10,10,49,73,7,14,78,49,78,64,0,41,47,30,16,4,29,60,67,29,42,60,77,46,48,24,0,74,73,0,56,90,28,14,45,22,30,7,48,68,52,91,0,4,9,65,0,34,0,3,0,78,93
Kentucky,15,79,41,56,20,61,44,75,34,37,56,33,50,15,7,62,61,10,82,0,47,61,21,10,27,0,12,70,37,29,30,17,18,8,0,39,10,50,81,33,89,68,63,37,74,79,52,0,0,67,51,0,6,68,37,8,34,61,63,46,63,77,22,10,28,14,72,61,100,0,66,61,26,45,0,55,59,83,34,11,47,60,53,38,13,0,80,26,36,94,100,26,33,27,3,58,49,16,100,65,14,73,44,42,100,61,60,84,66,76,21,1,2,14,0,66,47,15,61,49,0,43,86,57,14,2,40,100,18,0,72,11,35,31,82,19,27,67,3,7,7,17,68,6,17,73,57,76,68,0,52,47,23,18,5,30,70,56,25,15,44,77,41,43,26,0,100,72,70,64,95,25,15,54,47,16,5,36,70,46,93,49,3,7,72,18,42,0,100,0,68,96
Louisiana,21,100,52,60,21,9,59,73,49,41,55,100,30,17,7,67,76,10,62,0,100,76,29,100,25,0,35,64,29,12,21,0,26,7,0,48,4,83,79,16,31,55,83,33,84,95,64,0,0,73,54,0,100,65,44,8,44,58,54,86,63,79,16,8,27,13,72,33,50,1,62,65,27,57,0,68,79,99,31,12,41,63,35,24,3,0,82,40,37,93,17,31,43,58,2,23,20,17,6,58,10,64,32,35,7,61,56,68,66,70,24,1,1,18,0,50,100,13,44,52,0,56,82,84,16,1,27,65,17,0,71,7,23,25,59,100,35,86,2,6,6,37,62,8,28,73,59,75,100,0,52,49,27,30,6,27,81,54,16,26,30,75,42,51,14,11,95,93,0,75,87,30,17,46,13,18,7,35,67,56,93,0,10,9,60,19,63,41,4,0,80,87
Massachusetts,14,42,99,54,48,24,26,77,65,65,73,31,72,84,13,61,73,13,65,41,28,49,90,13,49,0,32,60,12,36,48,41,17,99,0,72,23,41,85,35,62,44,49,25,10,60,50,0,0,77,45,0,17,51,57,19,100,46,40,70,46,80,17,8,16,42,81,72,74,23,82,66,45,86,13,5,85,83,32,20,58,74,88,85,16,0,45,41,31,79,15,32,47,14,4,61,43,13,2,66,36,44,85,67,7,57,55,62,50,64,23,4,5,16,8,77,61,76,57,51,46,50,72,65,43,4,40,19,31,0,71,23,31,57,82,19,32,45,2,21,21,17,73,8,28,65,100,79,88,74,70,67,26,21,21,51,20,100,64,62,41,36,44,62,36,32,89,85,9,82,86,13,32,32,40,31,6,82,60,38,50,26,20,9,51,18,100,10,2,0,68,59
Maryland,17,50,47,67,27,46,43,87,43,52,67,32,54,90,12,66,85,19,49,29,27,54,58,20,44,0,16,61,42,79,43,58,18,100,0,69,34,45,93,25,60,40,49,26,29,82,52,0,0,88,57,0,23,49,68,20,39,56,43,67,57,65,16,9,21,28,78,60,68,4,65,70,36,15,19,6,81,87,40,19,55,78,65,90,17,0,58,39,29,71,15,34,36,15,35,29,44,9,3,53,18,51,48,63,7,58,62,61,37,74,38,1,2,15,0,61,88,38,52,48,0,53,62,67,66,5,27,68,20,0,60,11,25,40,76,51,36,53,2,22,22,22,87,100,22,71,53,82,72,0,60,63,44,37,16,39,52,55,37,45,50,46,49,69,22,9,86,65,20,74,89,38,18,100,38,37,8,100,74,21,60,0,63,10,43,10,70,0,3,0,77,66
Maine,0,35,41,58,76,7,30,93,26,33,63,31,63,45,11,44,69,10,66,0,0,52,23,12,70,0,11,92,0,21,27,0,24,15,0,31,5,32,62,31,84,68,37,35,9,63,29,0,0,57,34,0,23,80,37,9,50,58,46,48,51,66,20,12,16,17,89,49,22,1,98,47,37,21,0,3,74,58,32,6,81,62,45,38,14,0,64,18,33,100,14,30,18,0,2,17,42,0,2,64,100,49,71,37,5,64,53,62,66,45,4,0,1,17,0,48,41,50,61,87,0,39,71,45,14,2,77,28,44,0,78,0,17,21,0,7,13,69,1,12,12,24,45,6,97,50,80,72,66,0,56,45,16,11,6,20,40,66,90,59,36,24,28,38,31,12,63,67,0,38,71,19,20,32,8,26,1,41,64,16,77,0,10,6,38,0,57,0,2,0,82,88
Michigan,18,52,70,59,17,93,38,75,30,36,66,29,42,43,10,68,52,14,63,65,30,71,35,10,52,0,76,60,10,23,28,43,21,71,0,38,31,50,87,43,60,66,52,42,37,72,35,0,0,75,41,0,11,59,53,100,43,48,100,52,66,82,16,13,100,19,84,40,42,0,74,73,30,8,23,33,81,63,36,21,51,42,59,70,9,0,78,48,36,78,21,26,46,23,4,46,65,0,40,79,10,47,57,51,7,61,59,96,31,80,49,2,3,14,0,65,52,85,62,43,0,49,81,35,29,4,37,21,21,0,87,6,41,45,54,19,22,57,2,15,15,38,68,5,23,81,44,85,61,35,60,68,14,23,56,28,52,43,28,42,38,78,47,80,41,7,53,70,7,64,90,9,17,37,31,18,5,55,65,41,60,0,3,7,64,7,39,0,4,0,76,81
Minnesota,100,40,49,46,30,73,34,76,34,37,100,31,61,20,14,100,67,15,52,0,35,57,21,10,62,0,42,62,9,76,27,26,22,78,0,62,31,49,90,78,55,80,42,39,11,60,55,0,0,67,56,0,7,52,54,31,42,67,53,41,65,55,14,100,22,20,80,35,51,1,66,85,29,40,22,16,80,78,51,19,66,54,84,83,8,0,70,28,26,86,18,43,49,41,5,22,66,8,3,79,10,31,100,54,7,51,58,78,99,81,46,1,1,22,100,55,76,46,79,64,0,44,66,49,24,5,34,37,21,0,65,4,39,29,72,14,36,65,3,32,32,20,75,5,28,89,47,80,62,0,50,86,23,25,4,29,55,58,37,79,71,55,100,63,26,13,73,56,9,58,95,12,24,38,37,22,100,54,66,69,63,0,11,89,41,17,39,19,2,0,74,74
Missouri,20,71,42,58,22,75,36,79,69,34,65,29,49,60,16,66,68,36,80,43,44,59,23,12,46,0,100,68,31,41,34,7,26,13,0,43,27,55,85,32,58,93,54,47,57,71,52,0,0,65,42,0,9,60,56,16,35,53,62,52,82,84,15,14,32,19,78,42,40,1,67,66,23,30,32,54,81,88,35,20,59,64,58,31,18,0,91,30,38,80,20,33,42,0,8,27,58,20,9,76,10,65,74,46,11,85,79,90,100,75,47,1,2,100,0,50,66,32,73,59,0,54,88,69,27,8,38,49,20,0,95,21,38,44,86,25,25,55,5,16,16,31,69,6,20,85,58,82,66,0,52,62,54,23,8,32,60,75,29,31,52,74,49,49,16,18,82,76,15,62,90,21,22,46,41,22,8,47,64,80,88,21,3,20,52,22,43,0,5,0,76,88
Mississippi,0,70,24,56,8,64,47,66,75,38,48,49,36,35,7,50,72,11,55,0,73,54,31,16,39,0,13,54,46,21,37,71,31,27,0,13,12,94,66,45,46,76,66,32,94,100,67,0,0,54,15,0,15,69,48,8,34,39,53,64,62,92,13,8,24,12,75,41,39,0,65,49,16,0,0,59,57,74,26,29,37,63,41,39,24,0,87,49,41,99,14,27,73,0,3,30,34,34,39,67,8,47,41,29,5,63,56,67,64,62,50,2,5,17,0,57,60,16,40,44,0,48,85,73,21,3,16,59,21,0,65,14,52,23,0,63,17,62,4,9,9,28,52,7,21,67,59,59,78,0,49,51,32,12,5,27,73,29,15,31,51,75,37,22,27,11,68,83,36,59,67,31,13,46,11,14,3,24,69,48,99,0,4,19,51,0,33,0,5,0,74,83
Montana,0,19,38,39,63,0,34,67,13,58,47,34,27,19,10,34,86,16,59,0,0,32,15,13,17,0,10,99,4,14,16,0,11,5,0,34,61,51,74,46,11,100,26,56,6,44,30,0,0,88,38,0,22,60,54,0,29,79,51,30,52,43,11,9,32,18,84,83,14,0,74,67,22,0,0,18,64,70,37,8,70,46,39,30,0,0,66,20,31,82,10,21,51,0,3,0,17,0,1,71,15,39,44,26,3,96,30,44,33,66,79,0,0,22,0,33,59,29,55,66,0,35,75,50,16,1,26,27,100,0,76,35,28,34,0,10,14,73,1,54,54,44,66,6,26,51,27,55,79,0,36,49,12,0,4,23,55,24,84,26,12,32,31,84,0,0,75,58,0,39,93,24,12,46,11,65,0,58,63,22,51,0,0,53,38,0,15,0,14,0,85,94
North Carolina,9,56,49,52,22,62,52,76,50,45,57,30,55,70,11,60,78,14,60,18,33,62,53,12,35,0,35,53,62,23,27,30,28,6,0,84,22,62,83,27,82,81,58,34,63,96,55,0,0,60,47,0,11,63,59,8,46,45,53,45,62,91,15,9,20,21,79,51,45,1,64,64,26,9,18,25,64,100,33,13,53,85,87,57,8,0,66,19,29,86,17,37,38,10,3,30,45,17,12,81,15,100,47,24,7,58,58,90,72,74,35,2,3,18,0,62,61,25,49,55,0,53,77,72,27,3,49,84,23,0,84,9,56,41,73,16,26,47,4,21,21,27,58,17,100,74,53,76,69,0,48,58,19,11,11,33,51,61,27,21,35,61,46,43,36,9,94,80,12,72,90,42,16,38,33,17,5,71,66,43,86,17,8,16,65,6,47,54,4,0,73,78
North Dakota,0,28,95,44,0,6,26,56,26,25,41,32,71,18,10,57,69,13,83,0,0,60,26,10,100,0,12,69,0,16,36,0,33,13,0,0,6,75,69,0,20,83,33,45,3,35,48,0,0,41,20,0,12,54,47,0,29,88,56,50,50,45,16,22,16,11,77,27,22,0,52,66,23,0,0,54,35,72,45,9,41,50,46,32,8,0,86,7,16,90,14,31,54,0,2,0,46,0,1,74,9,37,67,31,7,100,47,73,69,65,62,1,5,27,0,48,73,52,48,49,0,41,87,42,16,3,55,37,16,0,56,24,44,25,0,10,0,73,1,10,10,37,69,5,34,53,36,73,59,0,50,47,8,16,3,32,52,0,53,82,13,54,42,15,36,58,63,65,96,33,78,22,11,70,12,39,6,54,59,19,55,0,5,44,34,0,18,0,0,0,75,70
Nebraska,10,23,38,68,8,39,30,65,47,29,54,32,48,16,100,45,59,13,76,0,24,100,13,12,53,0,17,53,24,40,23,0,22,6,0,26,16,59,64,31,49,78,40,77,43,57,36,0,0,57,37,0,14,52,45,8,30,46,65,43,63,61,12,18,26,14,84,42,22,0,63,55,15,0,0,72,52,64,30,26,38,75,77,21,6,0,75,38,32,70,18,25,43,55,3,29,48,33,4,72,8,33,45,14,7,31,51,68,19,68,57,0,1,30,0,40,50,20,56,40,0,49,90,52,14,5,30,40,12,0,82,22,31,40,48,30,22,72,1,9,9,74,84,5,13,57,71,56,69,0,47,48,41,27,4,34,80,28,39,70,18,77,47,91,26,11,56,52,0,40,69,21,19,51,26,39,7,70,70,66,73,100,4,47,46,71,55,79,4,0,76,83
New Hampshire,11,30,81,52,62,14,39,87,43,43,69,31,74,52,7,47,100,14,79,0,0,56,45,11,66,0,17,61,5,23,33,0,13,86,0,29,11,65,66,10,66,49,39,26,8,74,39,0,0,54,64,0,14,60,46,52,67,29,41,57,51,74,16,9,24,24,82,62,48,8,77,55,41,0,0,3,77,70,40,14,55,78,62,56,10,0,57,22,27,85,13,27,48,0,3,48,44,0,1,62,49,44,66,41,5,81,62,57,63,52,33,1,4,20,0,53,42,63,50,63,0,42,71,55,25,3,95,9,44,0,75,20,26,36,0,10,12,53,1,17,17,30,73,5,25,52,87,73,66,0,85,50,36,20,16,24,33,41,90,100,30,28,33,53,29,0,76,84,39,44,75,16,22,35,26,26,4,70,77,29,68,0,7,7,38,39,46,0,1,0,87,73
New Jersey,28,53,63,61,32,51,44,81,60,89,69,40,71,76,13,63,74,18,54,12,22,50,54,18,39,0,25,69,18,35,63,16,19,78,0,66,35,51,89,37,52,62,62,34,23,65,42,0,0,71,52,0,25,58,67,38,58,54,49,76,53,91,17,11,24,52,78,87,58,6,74,69,50,34,30,12,88,96,58,26,46,97,86,80,11,0,66,69,45,77,15,47,43,32,7,55,56,19,6,83,14,53,93,82,5,62,65,66,33,69,25,3,5,15,7,64,66,59,65,48,0,55,87,78,52,7,32,36,19,0,86,21,40,99,76,26,29,63,7,12,12,24,55,12,27,82,56,79,78,47,60,75,25,19,48,42,37,78,49,66,45,40,43,48,25,34,83,71,33,75,95,25,18,35,65,31,6,95,88,42,61,47,46,18,46,17,59,55,4,0,75,75
New Mexico,43,28,51,53,0,6,51,85,86,45,47,36,28,68,10,42,79,22,45,0,0,42,17,13,24,0,26,63,12,17,16,0,11,67,0,57,36,51,75,26,8,84,34,37,19,69,54,0,0,60,32,0,23,52,57,0,48,63,43,44,50,64,13,24,28,18,91,44,44,2,71,61,30,0,0,71,65,65,41,19,51,63,50,32,35,0,51,22,18,73,7,36,52,81,7,43,33,0,2,63,10,47,41,23,4,36,46,57,46,57,11,5,1,22,0,40,54,18,38,73,0,36,76,56,13,8,29,35,30,0,77,32,26,21,0,22,16,75,0,50,50,20,56,11,7,53,57,61,68,0,32,51,84,31,5,38,56,68,57,15,78,49,30,78,19,62,75,72,52,41,84,54,16,28,25,39,12,69,70,64,65,0,2,75,42,52,62,0,2,0,93,75
Nevada,25,54,49,66,15,5,51,77,52,55,67,25,42,100,9,64,78,15,48,0,44,56,35,12,36,0,30,68,13,38,25,0,13,8,0,57,57,63,68,36,23,68,60,30,4,69,51,0,0,56,73,0,7,57,47,10,39,53,42,84,60,82,11,5,26,15,86,36,53,0,74,73,32,68,0,11,64,70,33,32,53,74,51,36,100,0,49,31,30,85,10,20,39,34,10,100,35,20,3,61,4,30,58,42,4,23,68,65,35,73,52,2,4,10,0,62,73,45,42,59,0,37,81,55,33,10,47,38,20,0,84,30,33,23,53,41,21,65,1,23,23,36,55,8,16,78,54,48,67,0,44,64,100,21,24,55,44,70,43,19,61,64,39,100,16,33,81,63,0,89,90,25,19,23,32,44,12,42,71,45,75,62,4,94,53,22,73,49,3,0,77,75
New York,15,51,100,82,95,30,56,83,74,100,82,38,67,54,14,59,61,13,43,39,47,54,51,25,35,0,22,58,11,44,100,39,20,14,0,74,28,42,86,31,42,51,51,26,14,43,32,0,0,64,62,0,19,55,69,24,56,44,36,100,47,89,17,10,24,100,84,93,70,18,70,65,61,55,25,7,75,76,29,19,61,81,100,98,13,0,64,92,35,66,19,32,45,42,5,54,43,11,2,73,21,38,97,100,6,48,80,65,34,68,23,3,5,16,6,77,55,59,59,55,0,58,88,67,42,5,28,31,23,0,87,22,60,93,100,24,28,55,2,9,9,17,61,6,24,81,48,73,77,43,56,79,20,20,31,48,42,72,50,100,70,37,44,60,33,19,70,73,50,100,99,13,17,29,79,27,6,72,78,30,46,16,100,12,39,10,69,8,4,0,96,70
Ohio,22,49,46,55,11,80,50,76,39,44,59,36,44,22,11,66,53,14,70,0,41,63,45,13,49,0,34,69,39,100,33,29,22,9,0,50,21,59,88,31,83,66,54,41,52,62,36,0,0,77,55,0,11,58,59,30,47,53,63,54,68,97,27,14,37,17,74,42,51,1,72,69,28,41,23,35,82,97,39,19,54,89,58,66,5,0,93,66,34,89,28,27,51,16,9,46,73,23,84,88,12,65,66,57,16,28,63,100,53,80,47,1,3,17,8,75,66,42,69,44,100,53,100,54,35,3,41,57,16,0,84,11,34,31,70,25,100,100,2,8,8,31,68,6,30,74,60,93,74,24,55,62,26,24,16,39,56,58,39,34,35,75,47,53,26,6,79,96,15,71,89,14,17,43,39,22,5,69,62,50,75,0,9,9,100,25,38,22,8,0,73,81
Oklahoma,18,84,45,47,20,57,47,72,76,31,57,65,43,43,12,63,81,24,60,0,15,44,22,12,26,0,13,48,45,27,19,0,27,6,0,8,6,83,93,32,13,78,50,51,67,80,40,0,0,87,49,0,42,57,45,19,71,51,76,46,66,72,15,7,27,16,72,40,27,0,66,68,13,100,0,100,62,97,39,23,51,77,44,29,18,0,70,42,34,90,16,24,34,0,4,18,34,0,3,58,7,69,36,22,4,67,49,67,61,74,30,2,0,14,0,49,47,15,57,51,0,38,82,68,15,6,56,47,18,0,75,24,26,26,91,21,24,60,1,10,10,43,64,7,28,88,66,63,81,0,44,55,46,20,4,31,82,85,29,31,55,65,42,49,32,0,82,74,22,57,76,31,16,43,16,29,7,19,65,53,94,0,0,11,42,0,44,48,2,0,74,83
Oregon,14,48,44,87,61,6,34,93,32,38,69,27,37,61,10,52,87,23,34,0,35,44,7,9,32,0,23,100,6,36,18,38,11,86,0,67,87,44,82,27,53,60,35,32,3,86,42,0,0,52,58,0,4,54,47,11,39,67,44,55,61,54,100,6,16,15,97,41,30,3,75,73,26,40,11,4,83,85,29,15,100,44,51,100,32,0,39,16,23,62,14,24,41,20,84,32,22,0,4,56,10,32,35,41,9,40,40,45,27,77,21,1,6,23,0,91,44,19,51,100,0,100,76,42,78,20,55,22,40,0,77,18,21,22,75,20,14,66,0,67,67,22,93,4,20,75,39,64,70,41,41,66,32,24,3,51,52,51,66,7,60,60,42,76,10,4,90,67,0,63,91,18,21,22,22,46,2,55,71,32,47,0,3,52,38,13,62,0,4,0,100,76
Pennsylvania,21,53,71,59,39,63,44,79,38,57,67,35,68,37,12,62,72,14,51,26,33,52,57,15,61,0,31,62,27,33,41,39,20,89,0,71,19,51,89,23,73,66,58,36,33,78,34,0,0,86,50,0,20,53,61,18,48,54,52,71,63,94,17,12,25,33,79,68,59,8,77,69,40,21,100,9,86,84,39,17,52,100,61,71,11,0,79,43,31,92,20,33,50,14,5,39,58,4,4,77,15,65,99,67,8,72,66,79,58,72,56,1,3,16,7,56,78,100,58,47,44,53,87,68,37,4,39,28,17,0,86,8,33,61,80,22,24,62,1,12,12,25,64,15,31,74,62,92,68,36,74,65,27,20,18,39,51,58,67,63,40,42,47,42,28,15,79,75,13,70,98,12,18,45,42,26,8,99,76,29,68,13,83,13,56,9,44,30,4,0,77,81
Rhode Island,0,36,78,56,56,60,51,73,46,51,67,28,100,85,9,44,57,12,56,0,0,63,100,11,54,0,21,86,7,33,35,0,17,24,0,46,10,46,64,0,69,37,51,26,5,75,63,0,0,75,43,0,13,59,48,0,62,60,32,70,36,92,25,9,20,34,77,100,89,3,70,48,68,0,0,2,69,64,34,17,47,90,75,68,7,0,61,15,33,90,24,100,73,64,4,85,50,0,1,60,32,40,70,59,5,93,53,58,37,51,31,2,3,16,0,57,49,48,41,46,0,46,83,62,54,3,53,14,26,0,71,10,34,43,0,17,32,68,1,21,21,24,67,6,20,56,95,64,78,0,100,58,44,25,20,40,15,33,55,94,58,41,41,44,62,100,69,54,41,59,73,17,10,31,38,28,9,77,87,33,63,0,3,7,57,41,94,0,0,0,87,74
South Carolina,23,57,43,63,14,60,65,71,30,40,55,31,49,83,10,65,69,40,78,0,41,69,47,11,52,0,49,52,100,22,22,20,22,19,0,60,16,62,79,30,73,66,70,32,89,84,50,0,0,65,58,0,12,65,44,23,31,33,58,50,71,78,16,11,27,16,78,38,47,1,72,65,18,31,13,42,61,97,43,10,42,67,50,41,7,0,61,33,36,88,26,31,61,0,2,67,33,0,13,63,14,84,44,22,5,46,57,70,79,74,24,1,2,11,0,42,60,21,63,49,0,42,79,59,16,2,35,58,31,0,73,13,36,25,70,17,10,55,35,10,10,17,53,15,20,65,66,54,69,0,56,44,11,16,36,30,64,43,28,57,52,65,42,58,38,43,91,60,0,64,90,44,14,58,20,20,3,82,73,37,90,0,6,11,60,0,38,90,0,0,76,87
South Dakota,0,23,50,51,31,8,16,58,35,19,41,26,50,10,19,52,48,14,88,0,0,74,8,11,82,0,8,67,13,14,58,0,17,4,0,50,4,100,83,0,10,79,39,52,18,67,50,0,0,100,41,0,13,53,37,0,26,75,62,36,46,43,12,20,21,7,67,26,26,2,73,57,34,0,0,66,31,68,27,4,44,47,44,28,11,0,100,14,49,95,37,31,60,0,3,0,50,0,2,86,10,39,69,24,5,93,44,70,95,61,29,1,0,28,0,46,72,35,40,41,0,46,92,39,16,2,48,39,24,0,73,0,45,29,0,3,21,72,1,9,9,32,66,9,14,56,94,63,68,0,48,44,8,6,1,25,57,53,55,38,9,57,40,30,100,0,56,63,67,39,78,29,16,60,8,47,0,57,53,36,71,0,0,63,24,0,9,0,3,0,72,90
Tennessee,14,71,37,52,20,60,46,74,42,38,56,33,36,57,8,58,84,14,44,0,8,61,29,11,27,0,35,69,60,27,21,24,33,75,0,86,15,62,94,32,70,68,63,42,100,86,45,0,0,81,38,0,14,59,100,14,34,66,62,48,67,64,15,11,25,17,76,43,37,0,59,78,19,69,26,58,74,96,33,15,46,60,50,29,14,0,72,28,100,89,22,43,35,19,5,20,36,11,55,75,13,73,35,33,12,51,57,64,50,78,35,1,2,15,0,50,56,22,51,48,0,47,71,100,15,3,40,57,21,0,70,5,27,37,59,30,27,56,19,14,14,29,52,8,23,83,48,82,74,0,36,59,37,24,9,32,66,52,28,21,38,76,45,48,41,7,92,69,12,67,94,25,15,48,46,18,6,71,83,79,87,0,5,11,63,0,41,55,7,0,74,100
Texas,14,75,41,61,20,48,52,69,96,57,61,47,39,63,10,65,55,13,53,29,30,50,43,18,25,0,21,51,33,40,36,30,18,27,6,65,29,64,100,23,29,79,51,38,36,66,65,0,0,87,59,0,56,89,59,15,52,49,52,76,56,100,13,7,22,19,79,47,47,4,54,68,26,38,13,71,79,77,27,48,51,75,72,65,32,0,72,47,25,66,13,24,42,21,10,23,41,5,26,76,6,47,59,50,6,40,54,68,47,72,30,3,5,13,6,74,57,23,54,50,0,48,97,72,39,15,24,53,13,0,81,24,50,25,72,35,16,67,3,17,17,31,61,7,24,92,49,69,95,53,42,73,49,28,8,49,65,54,27,35,73,67,47,64,32,42,88,63,19,77,87,49,15,27,29,26,5,40,82,61,71,11,4,42,44,19,66,13,4,0,86,69
Utah,48,32,30,52,28,5,50,81,33,65,77,24,25,18,11,48,50,17,31,0,33,49,8,9,24,0,18,79,23,26,21,0,21,60,0,46,68,34,71,74,22,78,53,30,8,78,55,0,0,31,81,0,12,45,50,5,35,66,40,46,66,52,12,7,15,50,100,44,23,2,57,75,20,38,0,36,61,80,33,19,73,67,51,62,93,0,42,47,18,75,8,22,25,0,6,30,34,0,4,62,7,28,30,28,2,13,67,56,22,83,18,1,1,18,0,100,38,16,68,62,0,33,98,48,41,7,18,40,27,0,70,40,21,27,70,14,15,51,1,36,36,23,72,6,21,64,49,44,95,0,21,51,32,29,6,26,40,32,60,56,82,43,37,75,18,22,74,78,0,40,75,18,15,32,17,25,2,47,77,34,75,0,2,57,73,0,44,0,4,0,98,62
Virginia,6,22,76,100,19,59,20,44,30,30,38,24,39,30,5,32,36,9,31,8,13,43,27,8,23,0,11,32,21,32,20,22,22,22,0,31,18,32,54,16,34,38,42,21,17,42,56,0,0,44,34,0,10,100,33,15,20,27,34,40,36,46,10,4,13,13,84,69,37,5,42,63,37,29,9,8,39,60,16,72,22,65,47,52,11,0,30,17,23,54,9,17,42,73,7,28,21,6,9,100,6,26,53,30,4,31,63,52,25,51,16,100,100,10,2,46,41,36,81,22,13,41,92,48,21,4,16,37,37,0,53,71,25,23,82,20,36,32,3,20,20,15,28,27,14,88,23,40,51,100,39,88,13,9,8,34,26,55,25,21,32,34,23,27,32,26,54,44,5,98,47,23,23,16,58,18,3,41,100,24,37,7,23,10,37,3,33,12,2,0,72,44
Vermont,0,25,71,55,15,27,32,42,25,24,42,26,94,25,6,31,75,9,71,0,22,51,37,7,50,0,15,76,29,50,42,0,8,37,0,25,26,64,36,0,79,53,24,27,23,67,100,0,0,74,14,0,7,52,34,0,24,43,40,39,44,53,12,3,12,15,76,43,82,5,57,29,38,0,0,15,47,55,17,16,32,45,40,42,36,0,28,14,41,94,19,18,70,0,5,14,22,0,7,38,20,27,86,28,9,75,27,66,77,23,0,12,17,13,0,63,59,81,47,32,0,32,50,48,15,6,0,54,33,0,43,29,17,20,0,33,10,49,7,13,13,19,44,16,33,33,37,47,56,0,70,32,13,6,7,57,35,70,64,94,19,59,21,25,12,100,57,74,0,97,60,19,100,18,26,22,0,50,58,34,48,0,16,12,94,33,49,0,5,0,59,46
Washington,17,50,69,52,34,7,34,93,41,50,71,30,38,72,9,54,75,100,38,0,40,44,8,11,27,0,16,85,11,29,21,18,16,96,0,44,100,51,80,31,15,66,39,34,7,71,51,0,0,74,54,0,9,54,59,17,33,72,44,52,51,79,17,6,15,18,89,39,44,3,62,70,36,43,10,8,84,87,32,17,83,51,42,95,21,0,52,29,22,73,16,24,23,47,15,30,19,6,4,73,10,41,52,62,7,52,58,61,29,100,20,1,2,16,0,55,53,34,52,82,0,49,97,55,100,8,28,31,30,0,91,19,21,21,91,17,7,48,1,76,76,23,100,4,32,85,41,71,73,0,43,73,32,32,4,100,39,85,81,22,86,45,42,79,33,7,96,65,0,65,93,30,21,23,15,40,2,54,67,40,53,0,4,38,36,6,46,13,4,0,77,73
Wisconsin,18,48,64,64,22,80,35,81,36,29,70,33,60,17,13,72,67,12,64,0,22,53,16,10,61,0,77,82,6,31,27,52,22,8,0,51,13,46,79,27,51,72,49,50,24,74,40,0,0,63,44,0,11,55,45,38,38,70,57,43,100,57,18,25,27,15,82,61,41,2,85,73,26,11,29,37,70,77,38,11,62,58,60,35,9,0,66,43,33,85,22,39,56,100,3,48,100,20,3,76,12,25,69,28,5,89,53,87,53,76,100,2,3,18,0,59,90,31,86,61,0,48,74,41,17,2,55,29,21,0,70,22,33,29,79,19,37,68,1,23,23,28,79,5,19,75,51,79,70,0,53,60,21,18,7,33,53,51,40,55,28,68,55,65,20,10,73,59,11,59,94,12,19,43,35,26,18,45,60,100,74,0,3,25,36,0,37,71,5,0,72,89
West Virginia,25,55,29,50,0,46,42,59,35,33,48,36,47,23,6,42,65,13,100,0,60,73,32,14,46,0,39,44,31,30,28,0,19,29,0,33,12,73,78,0,100,79,48,38,56,72,39,0,0,47,0,0,25,54,43,20,36,43,52,48,51,70,12,7,27,20,84,85,34,0,73,58,28,0,0,25,50,76,22,3,38,84,65,29,0,0,83,57,59,93,29,43,39,0,6,73,47,0,42,71,15,64,41,43,2,46,67,85,79,66,28,1,0,27,0,42,50,39,38,40,0,51,77,61,19,0,0,52,22,0,71,22,41,40,0,24,14,66,5,10,10,51,37,28,31,59,92,82,62,0,66,46,21,23,6,29,75,47,58,0,19,77,35,54,0,0,75,72,0,51,73,27,22,66,11,29,0,50,64,29,67,0,17,10,89,0,27,0,0,0,92,76
Wyoming,0,27,29,65,0,9,41,70,43,36,45,35,34,25,14,38,37,12,53,0,0,56,10,14,33,0,13,83,28,19,29,0,14,13,0,87,18,45,77,0,24,91,34,53,9,72,67,0,0,87,0,0,38,64,54,0,24,100,52,39,59,55,16,0,26,14,86,39,9,4,50,62,9,0,0,37,62,57,23,11,56,40,39,31,20,0,68,8,27,76,4,31,52,0,12,0,36,0,5,69,15,34,38,27,0,20,52,66,42,60,0,1,0,19,0,39,59,28,48,61,0,36,77,44,18,10,67,42,77,0,90,29,30,18,0,11,0,62,2,29,29,100,43,8,8,69,95,69,85,0,49,48,25,20,6,30,52,62,67,0,31,48,30,71,43,0,70,94,0,39,88,25,12,49,0,62,0,63,75,29,63,0,0,59,37,0,29,0,4,0,66,82
District of Columbia,0,54,62,62,57,41,47,83,65,80,75,39,50,73,16,57,63,22,51,0,31,46,66,20,34,0,21,66,36,70,58,0,27,56,0,56,44,46,92,40,45,55,45,26,21,58,47,0,0,75,64,0,39,47,77,15,39,50,43,59,56,60,18,10,26,51,82,69,56,13,61,68,51,39,0,11,76,88,41,23,52,74,74,90,17,0,53,65,27,69,16,37,29,0,34,38,36,14,7,64,17,47,58,67,8,49,71,67,39,77,36,3,5,24,25,65,66,42,56,48,0,51,62,66,58,10,46,48,25,0,70,29,46,52,83,51,35,50,3,22,22,25,70,91,19,77,48,73,73,0,49,69,28,31,22,59,46,80,34,39,49,44,44,68,26,14,90,62,23,85,90,50,17,45,47,57,7,90,72,21,50,0,64,16,42,0,73,0,5,0,76,61
